date,value,reported,computed,current_accounts,deposit_facility,reserve_requirements,marginal_lending,difference,check,method,source
2021-01-01,3343762.0,3343762.0,3343762.0,2805505.0,683863.0,145454.0,152.0,0.0,ok,ECB reported,https://www.ecb.europa.eu/stats/pdf/monetary/lm/liq_daily_2021.zip
2021-01-04,3405268.0,3405268.0,3405267.0,2996448.0,554273.0,145454.0,0.0,1.0,ok,ECB reported,https://www.ecb.europa.eu/stats/pdf/monetary/lm/liq_daily_2021.zip
2021-01-05,3437152.0,3437152.0,3437152.0,3028601.0,554005.0,145454.0,0.0,0.0,ok,ECB reported,https://www.ecb.europa.eu/stats/pdf/monetary/lm/liq_daily_2021.zip
2021-01-06,3460034.0,3460034.0,3460035.0,3057811.0,547680.0,145454.0,2.0,-1.0,ok,ECB reported,https://www.ecb.europa.eu/stats/pdf/monetary/lm/liq_daily_2021.zip
2021-01-07,3466581.0,3466581.0,3466581.0,3068504.0,543531.0,145454.0,0.0,0.0,ok,ECB reported,https://www.ecb.europa.eu/stats/pdf/monetary/lm/liq_daily_2021.zip
2021-01-08,3491844.0,3491844.0,3491843.0,3089948.0,547349.0,145454.0,0.0,1.0,ok,ECB reported,https://www.ecb.europa.eu/stats/pdf/monetary/lm/liq_daily_2021.zip
2021-01-11,3510157.0,3510157.0,3510157.0,3118315.0,537296.0,145454.0,0.0,0.0,ok,ECB reported,https://www.ecb.europa.eu/stats/pdf/monetary/lm/liq_daily_2021.zip
2021-01-12,3504446.0,3504446.0,3504445.0,3107916.0,541983.0,145454.0,0.0,1.0,ok,ECB reported,https://www.ecb.europa.eu/stats/pdf/monetary/lm/liq_daily_2021.zip
2021-01-13,3516747.0,3516747.0,3516747.0,3116855.0,545346.0,145454.0,0.0,0.0,ok,ECB reported,https://www.ecb.europa.eu/stats/pdf/monetary/lm/liq_daily_2021.zip
2021-01-14,3517539.0,3517539.0,3517539.0,3105536.0,557457.0,145454.0,0.0,0.0,ok,ECB reported,https://www.ecb.europa.eu/stats/pdf/monetary/lm/liq_daily_2021.zip
2021-01-15,3543164.0,3543164.0,3543164.0,3130122.0,558496.0,145454.0,0.0,0.0,ok,ECB reported,https://www.ecb.europa.eu/stats/pdf/monetary/lm/liq_daily_2021.zip
2021-01-18,3531130.0,3531130.0,3531130.0,3117444.0,559140.0,145454.0,0.0,0.0,ok,ECB reported,https://www.ecb.europa.eu/stats/pdf/monetary/lm/liq_daily_2021.zip
2021-01-19,3556411.0,3556411.0,3556410.0,3129016.0,572853.0,145454.0,5.0,1.0,ok,ECB reported,https://www.ecb.europa.eu/stats/pdf/monetary/lm/liq_daily_2021.zip
2021-01-20,3537072.0,3537072.0,3537072.0,3116955.0,565571.0,145454.0,0.0,0.0,ok,ECB reported,https://www.ecb.europa.eu/stats/pdf/monetary/lm/liq_daily_2021.zip
2021-01-21,3550029.0,3550029.0,3550029.0,3126699.0,568784.0,145454.0,0.0,0.0,ok,ECB reported,https://www.ecb.europa.eu/stats/pdf/monetary/lm/liq_daily_2021.zip
2021-01-22,3557216.0,3557216.0,3557216.0,3081989.0,620681.0,145454.0,0.0,0.0,ok,ECB reported,https://www.ecb.europa.eu/stats/pdf/monetary/lm/liq_daily_2021.zip
2021-01-25,3544642.0,3544642.0,3544642.0,3071573.0,618523.0,145454.0,0.0,0.0,ok,ECB reported,https://www.ecb.europa.eu/stats/pdf/monetary/lm/liq_daily_2021.zip
2021-01-26,3535572.0,3535572.0,3535572.0,3067119.0,613907.0,145454.0,0.0,0.0,ok,ECB reported,https://www.ecb.europa.eu/stats/pdf/monetary/lm/liq_daily_2021.zip
2021-01-27,3529299.0,3529299.0,3529300.0,3226470.0,449300.0,146470.0,0.0,-1.0,ok,ECB reported,https://www.ecb.europa.eu/stats/pdf/monetary/lm/liq_daily_2021.zip
2021-01-28,3524788.0,3524788.0,3524788.0,3225054.0,446204.0,146470.0,0.0,0.0,ok,ECB reported,https://www.ecb.europa.eu/stats/pdf/monetary/lm/liq_daily_2021.zip
2021-01-29,3541511.0,3541511.0,3541512.0,3231558.0,456424.0,146470.0,0.0,-1.0,ok,ECB reported,https://www.ecb.europa.eu/stats/pdf/monetary/lm/liq_daily_2021.zip
2021-02-01,3580811.0,3580811.0,3580812.0,3245349.0,481933.0,146470.0,0.0,-1.0,ok,ECB reported,https://www.ecb.europa.eu/stats/pdf/monetary/lm/liq_daily_2021.zip
2021-02-02,3583989.0,3583989.0,3583990.0,3249362.0,481098.0,146470.0,0.0,-1.0,ok,ECB reported,https://www.ecb.europa.eu/stats/pdf/monetary/lm/liq_daily_2021.zip
2021-02-03,3591764.0,3591764.0,3591764.0,3259376.0,478858.0,146470.0,0.0,0.0,ok,ECB reported,https://www.ecb.europa.eu/stats/pdf/monetary/lm/liq_daily_2021.zip
2021-02-04,3586333.0,3586333.0,3586333.0,3258483.0,475147.0,146470.0,827.0,0.0,ok,ECB reported,https://www.ecb.europa.eu/stats/pdf/monetary/lm/liq_daily_2021.zip
2021-02-05,3588965.0,3588965.0,3588965.0,3209594.0,525841.0,146470.0,0.0,0.0,ok,ECB reported,https://www.ecb.europa.eu/stats/pdf/monetary/lm/liq_daily_2021.zip
2021-02-08,3584804.0,3584804.0,3584804.0,3164809.0,566465.0,146470.0,0.0,0.0,ok,ECB reported,https://www.ecb.europa.eu/stats/pdf/monetary/lm/liq_daily_2021.zip
2021-02-09,3589887.0,3589887.0,3589887.0,3170814.0,565543.0,146470.0,0.0,0.0,ok,ECB reported,https://www.ecb.europa.eu/stats/pdf/monetary/lm/liq_daily_2021.zip
2021-02-10,3590431.0,3590431.0,3590432.0,3112872.0,624030.0,146470.0,0.0,-1.0,ok,ECB reported,https://www.ecb.europa.eu/stats/pdf/monetary/lm/liq_daily_2021.zip
2021-02-11,3589100.0,3589100.0,3589100.0,3120472.0,615119.0,146470.0,21.0,0.0,ok,ECB reported,https://www.ecb.europa.eu/stats/pdf/monetary/lm/liq_daily_2021.zip
2021-02-12,3593557.0,3593557.0,3593557.0,3116321.0,623706.0,146470.0,0.0,0.0,ok,ECB reported,https://www.ecb.europa.eu/stats/pdf/monetary/lm/liq_daily_2021.zip
2021-02-15,3575488.0,3575488.0,3575489.0,3112775.0,609184.0,146470.0,0.0,-1.0,ok,ECB reported,https://www.ecb.europa.eu/stats/pdf/monetary/lm/liq_daily_2021.zip
2021-02-16,3575592.0,3575592.0,3575593.0,3109209.0,612854.0,146470.0,0.0,-1.0,ok,ECB reported,https://www.ecb.europa.eu/stats/pdf/monetary/lm/liq_daily_2021.zip
2021-02-17,3570987.0,3570987.0,3570988.0,3105002.0,612456.0,146470.0,0.0,-1.0,ok,ECB reported,https://www.ecb.europa.eu/stats/pdf/monetary/lm/liq_daily_2021.zip
2021-02-18,3557469.0,3557469.0,3557470.0,3087204.0,616736.0,146470.0,0.0,-1.0,ok,ECB reported,https://www.ecb.europa.eu/stats/pdf/monetary/lm/liq_daily_2021.zip
2021-02-19,3557307.0,3557307.0,3557307.0,3086036.0,617741.0,146470.0,0.0,0.0,ok,ECB reported,https://www.ecb.europa.eu/stats/pdf/monetary/lm/liq_daily_2021.zip
2021-02-22,3551875.0,3551875.0,3551876.0,3069445.0,628901.0,146470.0,0.0,-1.0,ok,ECB reported,https://www.ecb.europa.eu/stats/pdf/monetary/lm/liq_daily_2021.zip
2021-02-23,3545801.0,3545801.0,3545802.0,3061067.0,631205.0,146470.0,0.0,-1.0,ok,ECB reported,https://www.ecb.europa.eu/stats/pdf/monetary/lm/liq_daily_2021.zip
2021-02-24,3550156.0,3550156.0,3550157.0,3076451.0,620176.0,146470.0,0.0,-1.0,ok,ECB reported,https://www.ecb.europa.eu/stats/pdf/monetary/lm/liq_daily_2021.zip
2021-02-25,3574174.0,3574174.0,3574174.0,3098524.0,622120.0,146470.0,0.0,0.0,ok,ECB reported,https://www.ecb.europa.eu/stats/pdf/monetary/lm/liq_daily_2021.zip
2021-02-26,3593121.0,3593121.0,3593122.0,3094032.0,645560.0,146470.0,0.0,-1.0,ok,ECB reported,https://www.ecb.europa.eu/stats/pdf/monetary/lm/liq_daily_2021.zip
2021-03-01,3652229.0,3652229.0,3652230.0,3145777.0,652923.0,146470.0,0.0,-1.0,ok,ECB reported,https://www.ecb.europa.eu/stats/pdf/monetary/lm/liq_daily_2021.zip
2021-03-02,3670382.0,3670382.0,3670382.0,3150874.0,665979.0,146470.0,1.0,0.0,ok,ECB reported,https://www.ecb.europa.eu/stats/pdf/monetary/lm/liq_daily_2021.zip
2021-03-03,3686463.0,3686463.0,3686464.0,3167017.0,665917.0,146470.0,0.0,-1.0,ok,ECB reported,https://www.ecb.europa.eu/stats/pdf/monetary/lm/liq_daily_2021.zip
2021-03-04,3684147.0,3684147.0,3684147.0,3169074.0,661544.0,146470.0,1.0,0.0,ok,ECB reported,https://www.ecb.europa.eu/stats/pdf/monetary/lm/liq_daily_2021.zip
2021-03-05,3696502.0,3696502.0,3696502.0,3187681.0,655294.0,146470.0,3.0,0.0,ok,ECB reported,https://www.ecb.europa.eu/stats/pdf/monetary/lm/liq_daily_2021.zip
2021-03-08,3692615.0,3692615.0,3692616.0,3178153.0,660933.0,146470.0,0.0,-1.0,ok,ECB reported,https://www.ecb.europa.eu/stats/pdf/monetary/lm/liq_daily_2021.zip
2021-03-09,3709714.0,3709714.0,3709715.0,3196204.0,659981.0,146470.0,0.0,-1.0,ok,ECB reported,https://www.ecb.europa.eu/stats/pdf/monetary/lm/liq_daily_2021.zip
2021-03-10,3691030.0,3691030.0,3691030.0,3186565.0,650935.0,146470.0,0.0,0.0,ok,ECB reported,https://www.ecb.europa.eu/stats/pdf/monetary/lm/liq_daily_2021.zip
2021-03-11,3690907.0,3690907.0,3690908.0,3177324.0,660054.0,146470.0,0.0,-1.0,ok,ECB reported,https://www.ecb.europa.eu/stats/pdf/monetary/lm/liq_daily_2021.zip
2021-03-12,3694061.0,3694061.0,3694062.0,3183730.0,656802.0,146470.0,0.0,-1.0,ok,ECB reported,https://www.ecb.europa.eu/stats/pdf/monetary/lm/liq_daily_2021.zip
2021-03-15,3670770.0,3670770.0,3670771.0,3155172.0,662069.0,146470.0,0.0,-1.0,ok,ECB reported,https://www.ecb.europa.eu/stats/pdf/monetary/lm/liq_daily_2021.zip
2021-03-16,3657341.0,3657341.0,3657341.0,3122226.0,681585.0,146470.0,0.0,0.0,ok,ECB reported,https://www.ecb.europa.eu/stats/pdf/monetary/lm/liq_daily_2021.zip
2021-03-17,3642451.0,3642451.0,3642451.0,3276817.0,513080.0,147445.0,1.0,0.0,ok,ECB reported,https://www.ecb.europa.eu/stats/pdf/monetary/lm/liq_daily_2021.zip
2021-03-18,3636009.0,3636009.0,3636010.0,3270751.0,512704.0,147445.0,0.0,-1.0,ok,ECB reported,https://www.ecb.europa.eu/stats/pdf/monetary/lm/liq_daily_2021.zip
2021-03-19,3637980.0,3637980.0,3637980.0,3249278.0,536147.0,147445.0,0.0,0.0,ok,ECB reported,https://www.ecb.europa.eu/stats/pdf/monetary/lm/liq_daily_2021.zip
2021-03-22,3636467.0,3636467.0,3636467.0,3245950.0,537963.0,147445.0,1.0,0.0,ok,ECB reported,https://www.ecb.europa.eu/stats/pdf/monetary/lm/liq_daily_2021.zip
2021-03-23,3642716.0,3642716.0,3642717.0,3240946.0,549216.0,147445.0,0.0,-1.0,ok,ECB reported,https://www.ecb.europa.eu/stats/pdf/monetary/lm/liq_daily_2021.zip
2021-03-24,3953451.0,3953451.0,3953451.0,3542406.0,558505.0,147445.0,15.0,0.0,ok,ECB reported,https://www.ecb.europa.eu/stats/pdf/monetary/lm/liq_daily_2021.zip
2021-03-25,3950014.0,3950014.0,3950014.0,3489191.0,608278.0,147445.0,10.0,0.0,ok,ECB reported,https://www.ecb.europa.eu/stats/pdf/monetary/lm/liq_daily_2021.zip
2021-03-26,3941686.0,3941686.0,3941687.0,3445244.0,643890.0,147445.0,2.0,-1.0,ok,ECB reported,https://www.ecb.europa.eu/stats/pdf/monetary/lm/liq_daily_2021.zip
2021-03-29,3957703.0,3957703.0,3957704.0,3445835.0,659316.0,147445.0,2.0,-1.0,ok,ECB reported,https://www.ecb.europa.eu/stats/pdf/monetary/lm/liq_daily_2021.zip
2021-03-30,3954933.0,3954933.0,3954933.0,3457864.0,644515.0,147445.0,1.0,0.0,ok,ECB reported,https://www.ecb.europa.eu/stats/pdf/monetary/lm/liq_daily_2021.zip
2021-03-31,3907278.0,3907278.0,3907278.0,3326138.0,728595.0,147445.0,10.0,0.0,ok,ECB reported,https://www.ecb.europa.eu/stats/pdf/monetary/lm/liq_daily_2021.zip
2021-04-01,3986841.0,3986841.0,3986841.0,3400246.0,734040.0,147445.0,0.0,0.0,ok,ECB reported,https://www.ecb.europa.eu/stats/pdf/monetary/lm/liq_daily_2021.zip
2021-04-02,3986839.0,3986839.0,3986840.0,3400245.0,734040.0,147445.0,0.0,-1.0,ok,ECB reported,https://www.ecb.europa.eu/stats/pdf/monetary/lm/liq_daily_2021.zip
2021-04-05,3986937.0,3986937.0,3986937.0,3400342.0,734040.0,147445.0,0.0,0.0,ok,ECB reported,https://www.ecb.europa.eu/stats/pdf/monetary/lm/liq_daily_2021.zip
2021-04-06,4015195.0,4015195.0,4015196.0,3435031.0,727610.0,147445.0,0.0,-1.0,ok,ECB reported,https://www.ecb.europa.eu/stats/pdf/monetary/lm/liq_daily_2021.zip
2021-04-07,4026695.0,4026695.0,4026695.0,3440282.0,733858.0,147445.0,0.0,0.0,ok,ECB reported,https://www.ecb.europa.eu/stats/pdf/monetary/lm/liq_daily_2021.zip
2021-04-08,4032718.0,4032718.0,4032718.0,3445681.0,734482.0,147445.0,0.0,0.0,ok,ECB reported,https://www.ecb.europa.eu/stats/pdf/monetary/lm/liq_daily_2021.zip
2021-04-09,4066294.0,4066294.0,4066295.0,3470206.0,743535.0,147445.0,1.0,-1.0,ok,ECB reported,https://www.ecb.europa.eu/stats/pdf/monetary/lm/liq_daily_2021.zip
2021-04-12,4056847.0,4056847.0,4056848.0,3463395.0,740898.0,147445.0,0.0,-1.0,ok,ECB reported,https://www.ecb.europa.eu/stats/pdf/monetary/lm/liq_daily_2021.zip
2021-04-13,4067024.0,4067024.0,4067025.0,3470264.0,744211.0,147445.0,5.0,-1.0,ok,ECB reported,https://www.ecb.europa.eu/stats/pdf/monetary/lm/liq_daily_2021.zip
2021-04-14,4055333.0,4055333.0,4055333.0,3471712.0,731071.0,147445.0,5.0,0.0,ok,ECB reported,https://www.ecb.europa.eu/stats/pdf/monetary/lm/liq_daily_2021.zip
2021-04-15,4038767.0,4038767.0,4038767.0,3476577.0,709635.0,147445.0,0.0,0.0,ok,ECB reported,https://www.ecb.europa.eu/stats/pdf/monetary/lm/liq_daily_2021.zip
2021-04-16,4034409.0,4034409.0,4034410.0,3478426.0,703429.0,147445.0,0.0,-1.0,ok,ECB reported,https://www.ecb.europa.eu/stats/pdf/monetary/lm/liq_daily_2021.zip
2021-04-19,4044735.0,4044735.0,4044735.0,3482640.0,709540.0,147445.0,0.0,0.0,ok,ECB reported,https://www.ecb.europa.eu/stats/pdf/monetary/lm/liq_daily_2021.zip
2021-04-20,4035663.0,4035663.0,4035663.0,3472617.0,710491.0,147445.0,0.0,0.0,ok,ECB reported,https://www.ecb.europa.eu/stats/pdf/monetary/lm/liq_daily_2021.zip
2021-04-21,4029816.0,4029816.0,4029817.0,3455911.0,721352.0,147445.0,1.0,-1.0,ok,ECB reported,https://www.ecb.europa.eu/stats/pdf/monetary/lm/liq_daily_2021.zip
2021-04-22,4028556.0,4028556.0,4028556.0,3511860.0,664141.0,147445.0,0.0,0.0,ok,ECB reported,https://www.ecb.europa.eu/stats/pdf/monetary/lm/liq_daily_2021.zip
2021-04-23,4034459.0,4034459.0,4034459.0,3465601.0,716303.0,147445.0,0.0,0.0,ok,ECB reported,https://www.ecb.europa.eu/stats/pdf/monetary/lm/liq_daily_2021.zip
2021-04-26,4054174.0,4054174.0,4054174.0,3467662.0,733957.0,147445.0,0.0,0.0,ok,ECB reported,https://www.ecb.europa.eu/stats/pdf/monetary/lm/liq_daily_2021.zip
2021-04-27,4054456.0,4054456.0,4054456.0,3467452.0,734449.0,147445.0,0.0,0.0,ok,ECB reported,https://www.ecb.europa.eu/stats/pdf/monetary/lm/liq_daily_2021.zip
2021-04-28,4058855.0,4058855.0,4058855.0,3624043.0,582549.0,147737.0,0.0,0.0,ok,ECB reported,https://www.ecb.europa.eu/stats/pdf/monetary/lm/liq_daily_2021.zip
2021-04-29,4044720.0,4044720.0,4044720.0,3668905.0,523552.0,147737.0,0.0,0.0,ok,ECB reported,https://www.ecb.europa.eu/stats/pdf/monetary/lm/liq_daily_2021.zip
2021-04-30,4087752.0,4087752.0,4087753.0,3633738.0,601752.0,147737.0,0.0,-1.0,ok,ECB reported,https://www.ecb.europa.eu/stats/pdf/monetary/lm/liq_daily_2021.zip
2021-05-03,4129482.0,4129482.0,4129483.0,3702860.0,574360.0,147737.0,0.0,-1.0,ok,ECB reported,https://www.ecb.europa.eu/stats/pdf/monetary/lm/liq_daily_2021.zip
2021-05-04,4137355.0,4137355.0,4137355.0,3709868.0,575224.0,147737.0,0.0,0.0,ok,ECB reported,https://www.ecb.europa.eu/stats/pdf/monetary/lm/liq_daily_2021.zip
2021-05-05,4145517.0,4145517.0,4145518.0,3719003.0,574252.0,147737.0,0.0,-1.0,ok,ECB reported,https://www.ecb.europa.eu/stats/pdf/monetary/lm/liq_daily_2021.zip
2021-05-06,4143060.0,4143060.0,4143061.0,3711144.0,579654.0,147737.0,0.0,-1.0,ok,ECB reported,https://www.ecb.europa.eu/stats/pdf/monetary/lm/liq_daily_2021.zip
2021-05-07,4171922.0,4171922.0,4171922.0,3654500.0,665160.0,147737.0,1.0,0.0,ok,ECB reported,https://www.ecb.europa.eu/stats/pdf/monetary/lm/liq_daily_2021.zip
2021-05-10,4168708.0,4168708.0,4168709.0,3566861.0,749585.0,147737.0,0.0,-1.0,ok,ECB reported,https://www.ecb.europa.eu/stats/pdf/monetary/lm/liq_daily_2021.zip
2021-05-11,4170861.0,4170861.0,4170861.0,3570005.0,748593.0,147737.0,0.0,0.0,ok,ECB reported,https://www.ecb.europa.eu/stats/pdf/monetary/lm/liq_daily_2021.zip
2021-05-12,4158376.0,4158376.0,4158376.0,3571502.0,734611.0,147737.0,0.0,0.0,ok,ECB reported,https://www.ecb.europa.eu/stats/pdf/monetary/lm/liq_daily_2021.zip
2021-05-13,4170629.0,4170629.0,4170629.0,3586466.0,731902.0,147737.0,2.0,0.0,ok,ECB reported,https://www.ecb.europa.eu/stats/pdf/monetary/lm/liq_daily_2021.zip
2021-05-14,4156126.0,4156126.0,4156127.0,3573781.0,730083.0,147737.0,0.0,-1.0,ok,ECB reported,https://www.ecb.europa.eu/stats/pdf/monetary/lm/liq_daily_2021.zip
2021-05-17,4146631.0,4146631.0,4146631.0,3560004.0,734364.0,147737.0,0.0,0.0,ok,ECB reported,https://www.ecb.europa.eu/stats/pdf/monetary/lm/liq_daily_2021.zip
2021-05-18,4137225.0,4137225.0,4137225.0,3559524.0,725438.0,147737.0,0.0,0.0,ok,ECB reported,https://www.ecb.europa.eu/stats/pdf/monetary/lm/liq_daily_2021.zip
2021-05-19,4113319.0,4113319.0,4113320.0,3522447.0,738610.0,147737.0,0.0,-1.0,ok,ECB reported,https://www.ecb.europa.eu/stats/pdf/monetary/lm/liq_daily_2021.zip
2021-05-20,4120078.0,4120078.0,4120079.0,3528793.0,739024.0,147737.0,1.0,-1.0,ok,ECB reported,https://www.ecb.europa.eu/stats/pdf/monetary/lm/liq_daily_2021.zip
2021-05-21,4131831.0,4131831.0,4131832.0,3541327.0,738242.0,147737.0,0.0,-1.0,ok,ECB reported,https://www.ecb.europa.eu/stats/pdf/monetary/lm/liq_daily_2021.zip
2021-05-24,4116565.0,4116565.0,4116565.0,3525264.0,739038.0,147737.0,0.0,0.0,ok,ECB reported,https://www.ecb.europa.eu/stats/pdf/monetary/lm/liq_daily_2021.zip
2021-05-25,4107755.0,4107755.0,4107755.0,3513076.0,742416.0,147737.0,0.0,0.0,ok,ECB reported,https://www.ecb.europa.eu/stats/pdf/monetary/lm/liq_daily_2021.zip
2021-05-26,4107637.0,4107637.0,4107638.0,3513153.0,742332.0,147737.0,110.0,-1.0,ok,ECB reported,https://www.ecb.europa.eu/stats/pdf/monetary/lm/liq_daily_2021.zip
2021-05-27,4111001.0,4111001.0,4111001.0,3514545.0,744339.0,147737.0,146.0,0.0,ok,ECB reported,https://www.ecb.europa.eu/stats/pdf/monetary/lm/liq_daily_2021.zip
2021-05-28,4114910.0,4114910.0,4114910.0,3503749.0,758898.0,147737.0,0.0,0.0,ok,ECB reported,https://www.ecb.europa.eu/stats/pdf/monetary/lm/liq_daily_2021.zip
2021-05-31,4145890.0,4145890.0,4145891.0,3564798.0,728830.0,147737.0,0.0,-1.0,ok,ECB reported,https://www.ecb.europa.eu/stats/pdf/monetary/lm/liq_daily_2021.zip
2021-06-01,4180187.0,4180187.0,4180188.0,3589076.0,738849.0,147737.0,0.0,-1.0,ok,ECB reported,https://www.ecb.europa.eu/stats/pdf/monetary/lm/liq_daily_2021.zip
2021-06-02,4172736.0,4172736.0,4172736.0,3585846.0,734627.0,147737.0,0.0,0.0,ok,ECB reported,https://www.ecb.europa.eu/stats/pdf/monetary/lm/liq_daily_2021.zip
2021-06-03,4182755.0,4182755.0,4182755.0,3586352.0,744146.0,147737.0,6.0,0.0,ok,ECB reported,https://www.ecb.europa.eu/stats/pdf/monetary/lm/liq_daily_2021.zip
2021-06-04,4200641.0,4200641.0,4200642.0,3611827.0,736555.0,147737.0,3.0,-1.0,ok,ECB reported,https://www.ecb.europa.eu/stats/pdf/monetary/lm/liq_daily_2021.zip
2021-06-07,4193088.0,4193088.0,4193089.0,3591203.0,749626.0,147737.0,3.0,-1.0,ok,ECB reported,https://www.ecb.europa.eu/stats/pdf/monetary/lm/liq_daily_2021.zip
2021-06-08,4194800.0,4194800.0,4194800.0,3591967.0,750571.0,147737.0,1.0,0.0,ok,ECB reported,https://www.ecb.europa.eu/stats/pdf/monetary/lm/liq_daily_2021.zip
2021-06-09,4205591.0,4205591.0,4205591.0,3615667.0,737661.0,147737.0,0.0,0.0,ok,ECB reported,https://www.ecb.europa.eu/stats/pdf/monetary/lm/liq_daily_2021.zip
2021-06-10,4205727.0,4205727.0,4205728.0,3607751.0,745715.0,147737.0,1.0,-1.0,ok,ECB reported,https://www.ecb.europa.eu/stats/pdf/monetary/lm/liq_daily_2021.zip
2021-06-11,4211850.0,4211850.0,4211850.0,3614777.0,744810.0,147737.0,0.0,0.0,ok,ECB reported,https://www.ecb.europa.eu/stats/pdf/monetary/lm/liq_daily_2021.zip
2021-06-14,4210500.0,4210500.0,4210501.0,3617297.0,740941.0,147737.0,0.0,-1.0,ok,ECB reported,https://www.ecb.europa.eu/stats/pdf/monetary/lm/liq_daily_2021.zip
2021-06-15,4167290.0,4167290.0,4167291.0,3573000.0,742028.0,147737.0,0.0,-1.0,ok,ECB reported,https://www.ecb.europa.eu/stats/pdf/monetary/lm/liq_daily_2021.zip
2021-06-16,4147922.0,4147922.0,4147922.0,3774324.0,523802.0,150204.0,0.0,0.0,ok,ECB reported,https://www.ecb.europa.eu/stats/pdf/monetary/lm/liq_daily_2021.zip
2021-06-17,4138447.0,4138447.0,4138447.0,3771401.0,517250.0,150204.0,0.0,0.0,ok,ECB reported,https://www.ecb.europa.eu/stats/pdf/monetary/lm/liq_daily_2021.zip
2021-06-18,4119645.0,4119645.0,4119646.0,3739165.0,530685.0,150204.0,0.0,-1.0,ok,ECB reported,https://www.ecb.europa.eu/stats/pdf/monetary/lm/liq_daily_2021.zip
2021-06-21,4104903.0,4104903.0,4104904.0,3699544.0,555565.0,150204.0,1.0,-1.0,ok,ECB reported,https://www.ecb.europa.eu/stats/pdf/monetary/lm/liq_daily_2021.zip
2021-06-22,4099711.0,4099711.0,4099711.0,3651297.0,598618.0,150204.0,0.0,0.0,ok,ECB reported,https://www.ecb.europa.eu/stats/pdf/monetary/lm/liq_daily_2021.zip
2021-06-23,4103257.0,4103257.0,4103257.0,3639438.0,614040.0,150204.0,17.0,0.0,ok,ECB reported,https://www.ecb.europa.eu/stats/pdf/monetary/lm/liq_daily_2021.zip
2021-06-24,4215284.0,4215284.0,4215284.0,3690013.0,675475.0,150204.0,0.0,0.0,ok,ECB reported,https://www.ecb.europa.eu/stats/pdf/monetary/lm/liq_daily_2021.zip
2021-06-25,4225808.0,4225808.0,4225807.0,3691734.0,684279.0,150204.0,2.0,1.0,ok,ECB reported,https://www.ecb.europa.eu/stats/pdf/monetary/lm/liq_daily_2021.zip
2021-06-28,4235129.0,4235129.0,4235129.0,3652022.0,733311.0,150204.0,0.0,0.0,ok,ECB reported,https://www.ecb.europa.eu/stats/pdf/monetary/lm/liq_daily_2021.zip
2021-06-29,4253533.0,4253533.0,4253534.0,3644358.0,759380.0,150204.0,0.0,-1.0,ok,ECB reported,https://www.ecb.europa.eu/stats/pdf/monetary/lm/liq_daily_2021.zip
2021-06-30,4208839.0,4208839.0,4208838.0,3569033.0,790009.0,150204.0,0.0,1.0,ok,ECB reported,https://www.ecb.europa.eu/stats/pdf/monetary/lm/liq_daily_2021.zip
2021-07-01,4286163.0,4286163.0,4286163.0,3662772.0,773596.0,150204.0,1.0,0.0,ok,ECB reported,https://www.ecb.europa.eu/stats/pdf/monetary/lm/liq_daily_2021.zip
2021-07-02,4289787.0,4289787.0,4289787.0,3653170.0,786831.0,150204.0,10.0,0.0,ok,ECB reported,https://www.ecb.europa.eu/stats/pdf/monetary/lm/liq_daily_2021.zip
2021-07-05,4293221.0,4293221.0,4293221.0,3626285.0,817140.0,150204.0,0.0,0.0,ok,ECB reported,https://www.ecb.europa.eu/stats/pdf/monetary/lm/liq_daily_2021.zip
2021-07-06,4290933.0,4290933.0,4290933.0,3640052.0,801086.0,150204.0,1.0,0.0,ok,ECB reported,https://www.ecb.europa.eu/stats/pdf/monetary/lm/liq_daily_2021.zip
2021-07-07,4298706.0,4298706.0,4298706.0,3645677.0,803233.0,150204.0,0.0,0.0,ok,ECB reported,https://www.ecb.europa.eu/stats/pdf/monetary/lm/liq_daily_2021.zip
2021-07-08,4297683.0,4297683.0,4297682.0,3661072.0,786814.0,150204.0,0.0,1.0,ok,ECB reported,https://www.ecb.europa.eu/stats/pdf/monetary/lm/liq_daily_2021.zip
2021-07-09,4312942.0,4312942.0,4312942.0,3671498.0,791648.0,150204.0,0.0,0.0,ok,ECB reported,https://www.ecb.europa.eu/stats/pdf/monetary/lm/liq_daily_2021.zip
2021-07-12,4307808.0,4307808.0,4307807.0,3655133.0,802878.0,150204.0,0.0,1.0,ok,ECB reported,https://www.ecb.europa.eu/stats/pdf/monetary/lm/liq_daily_2021.zip
2021-07-13,4308658.0,4308658.0,4308658.0,3668693.0,790169.0,150204.0,0.0,0.0,ok,ECB reported,https://www.ecb.europa.eu/stats/pdf/monetary/lm/liq_daily_2021.zip
2021-07-14,4313238.0,4313238.0,4313237.0,3659426.0,804015.0,150204.0,0.0,1.0,ok,ECB reported,https://www.ecb.europa.eu/stats/pdf/monetary/lm/liq_daily_2021.zip
2021-07-15,4290471.0,4290471.0,4290471.0,3645001.0,795674.0,150204.0,0.0,0.0,ok,ECB reported,https://www.ecb.europa.eu/stats/pdf/monetary/lm/liq_daily_2021.zip
2021-07-16,4278524.0,4278524.0,4278524.0,3610639.0,818089.0,150204.0,0.0,0.0,ok,ECB reported,https://www.ecb.europa.eu/stats/pdf/monetary/lm/liq_daily_2021.zip
2021-07-19,4263291.0,4263291.0,4263291.0,3615315.0,798180.0,150204.0,0.0,0.0,ok,ECB reported,https://www.ecb.europa.eu/stats/pdf/monetary/lm/liq_daily_2021.zip
2021-07-20,4240709.0,4240709.0,4240709.0,3582364.0,808550.0,150204.0,1.0,0.0,ok,ECB reported,https://www.ecb.europa.eu/stats/pdf/monetary/lm/liq_daily_2021.zip
2021-07-21,4224431.0,4224431.0,4224431.0,3586760.0,787875.0,150204.0,0.0,0.0,ok,ECB reported,https://www.ecb.europa.eu/stats/pdf/monetary/lm/liq_daily_2021.zip
2021-07-22,4231351.0,4231351.0,4231350.0,3577721.0,803833.0,150204.0,0.0,1.0,ok,ECB reported,https://www.ecb.europa.eu/stats/pdf/monetary/lm/liq_daily_2021.zip
2021-07-23,4239389.0,4239389.0,4239390.0,3605696.0,783898.0,150204.0,0.0,-1.0,ok,ECB reported,https://www.ecb.europa.eu/stats/pdf/monetary/lm/liq_daily_2021.zip
2021-07-26,4253513.0,4253513.0,4253513.0,3602608.0,801109.0,150204.0,0.0,0.0,ok,ECB reported,https://www.ecb.europa.eu/stats/pdf/monetary/lm/liq_daily_2021.zip
2021-07-27,4253183.0,4253183.0,4253184.0,3594532.0,808863.0,150204.0,7.0,-1.0,ok,ECB reported,https://www.ecb.europa.eu/stats/pdf/monetary/lm/liq_daily_2021.zip
2021-07-28,4260554.0,4260554.0,4260554.0,3808147.0,603336.0,150929.0,0.0,0.0,ok,ECB reported,https://www.ecb.europa.eu/stats/pdf/monetary/lm/liq_daily_2021.zip
2021-07-29,4257579.0,4257579.0,4257579.0,3762088.0,646423.0,150929.0,3.0,0.0,ok,ECB reported,https://www.ecb.europa.eu/stats/pdf/monetary/lm/liq_daily_2021.zip
2021-07-30,4286752.0,4286752.0,4286753.0,3756793.0,680960.0,150929.0,71.0,-1.0,ok,ECB reported,https://www.ecb.europa.eu/stats/pdf/monetary/lm/liq_daily_2021.zip
2021-08-02,4321918.0,4321918.0,4321918.0,3845303.0,627544.0,150929.0,0.0,0.0,ok,ECB reported,https://www.ecb.europa.eu/stats/pdf/monetary/lm/liq_daily_2021.zip
2021-08-03,4328615.0,4328615.0,4328615.0,3853388.0,626156.0,150929.0,0.0,0.0,ok,ECB reported,https://www.ecb.europa.eu/stats/pdf/monetary/lm/liq_daily_2021.zip
2021-08-04,4325395.0,4325395.0,4325395.0,3800841.0,675483.0,150929.0,0.0,0.0,ok,ECB reported,https://www.ecb.europa.eu/stats/pdf/monetary/lm/liq_daily_2021.zip
2021-08-05,4334769.0,4334769.0,4334768.0,3794303.0,691394.0,150929.0,0.0,1.0,ok,ECB reported,https://www.ecb.europa.eu/stats/pdf/monetary/lm/liq_daily_2021.zip
2021-08-06,4339362.0,4339362.0,4339362.0,3758136.0,732155.0,150929.0,0.0,0.0,ok,ECB reported,https://www.ecb.europa.eu/stats/pdf/monetary/lm/liq_daily_2021.zip
2021-08-09,4349790.0,4349790.0,4349790.0,4252040.0,249080.0,150929.0,401.0,0.0,ok,ECB reported,https://www.ecb.europa.eu/stats/pdf/monetary/lm/liq_daily_2021.zip
2021-08-10,4346242.0,4346242.0,4346242.0,3670864.0,826307.0,150929.0,0.0,0.0,ok,ECB reported,https://www.ecb.europa.eu/stats/pdf/monetary/lm/liq_daily_2021.zip
2021-08-11,4345325.0,4345325.0,4345324.0,3673062.0,823191.0,150929.0,0.0,1.0,ok,ECB reported,https://www.ecb.europa.eu/stats/pdf/monetary/lm/liq_daily_2021.zip
2021-08-12,4343105.0,4343105.0,4343105.0,3679106.0,814928.0,150929.0,0.0,0.0,ok,ECB reported,https://www.ecb.europa.eu/stats/pdf/monetary/lm/liq_daily_2021.zip
2021-08-13,4335136.0,4335136.0,4335135.0,3674650.0,811414.0,150929.0,0.0,1.0,ok,ECB reported,https://www.ecb.europa.eu/stats/pdf/monetary/lm/liq_daily_2021.zip
2021-08-16,4329764.0,4329764.0,4329764.0,3670225.0,810468.0,150929.0,0.0,0.0,ok,ECB reported,https://www.ecb.europa.eu/stats/pdf/monetary/lm/liq_daily_2021.zip
2021-08-17,4325720.0,4325720.0,4325719.0,3665463.0,811269.0,150929.0,84.0,1.0,ok,ECB reported,https://www.ecb.europa.eu/stats/pdf/monetary/lm/liq_daily_2021.zip
2021-08-18,4311960.0,4311960.0,4311960.0,3659171.0,803768.0,150929.0,50.0,0.0,ok,ECB reported,https://www.ecb.europa.eu/stats/pdf/monetary/lm/liq_daily_2021.zip
2021-08-19,4310532.0,4310532.0,4310532.0,3657206.0,804290.0,150929.0,35.0,0.0,ok,ECB reported,https://www.ecb.europa.eu/stats/pdf/monetary/lm/liq_daily_2021.zip
2021-08-20,4318812.0,4318812.0,4318811.0,3665027.0,804713.0,150929.0,0.0,1.0,ok,ECB reported,https://www.ecb.europa.eu/stats/pdf/monetary/lm/liq_daily_2021.zip
2021-08-23,4323452.0,4323452.0,4323452.0,3674141.0,800241.0,150929.0,1.0,0.0,ok,ECB reported,https://www.ecb.europa.eu/stats/pdf/monetary/lm/liq_daily_2021.zip
2021-08-24,4312030.0,4312030.0,4312029.0,3676115.0,786846.0,150929.0,3.0,1.0,ok,ECB reported,https://www.ecb.europa.eu/stats/pdf/monetary/lm/liq_daily_2021.zip
2021-08-25,4302218.0,4302218.0,4302218.0,3656111.0,797036.0,150929.0,0.0,0.0,ok,ECB reported,https://www.ecb.europa.eu/stats/pdf/monetary/lm/liq_daily_2021.zip
2021-08-26,4292112.0,4292112.0,4292112.0,3642599.0,800442.0,150929.0,0.0,0.0,ok,ECB reported,https://www.ecb.europa.eu/stats/pdf/monetary/lm/liq_daily_2021.zip
2021-08-27,4301290.0,4301290.0,4301290.0,3662998.0,789221.0,150929.0,0.0,0.0,ok,ECB reported,https://www.ecb.europa.eu/stats/pdf/monetary/lm/liq_daily_2021.zip
2021-08-30,4319905.0,4319905.0,4319905.0,3674694.0,796140.0,150929.0,0.0,0.0,ok,ECB reported,https://www.ecb.europa.eu/stats/pdf/monetary/lm/liq_daily_2021.zip
2021-08-31,4338228.0,4338228.0,4338228.0,3650192.0,838965.0,150929.0,0.0,0.0,ok,ECB reported,https://www.ecb.europa.eu/stats/pdf/monetary/lm/liq_daily_2021.zip
2021-09-01,4394050.0,4394050.0,4394050.0,3722133.0,822846.0,150929.0,0.0,0.0,ok,ECB reported,https://www.ecb.europa.eu/stats/pdf/monetary/lm/liq_daily_2021.zip
2021-09-02,4388118.0,4388118.0,4388118.0,3716757.0,822337.0,150929.0,47.0,0.0,ok,ECB reported,https://www.ecb.europa.eu/stats/pdf/monetary/lm/liq_daily_2021.zip
2021-09-03,4390016.0,4390016.0,4390016.0,3727964.0,812981.0,150929.0,0.0,0.0,ok,ECB reported,https://www.ecb.europa.eu/stats/pdf/monetary/lm/liq_daily_2021.zip
2021-09-06,4391734.0,4391734.0,4391734.0,3719279.0,823384.0,150929.0,0.0,0.0,ok,ECB reported,https://www.ecb.europa.eu/stats/pdf/monetary/lm/liq_daily_2021.zip
2021-09-07,4399937.0,4399937.0,4399937.0,3732089.0,818777.0,150929.0,0.0,0.0,ok,ECB reported,https://www.ecb.europa.eu/stats/pdf/monetary/lm/liq_daily_2021.zip
2021-09-08,4395078.0,4395078.0,4395078.0,3724807.0,821201.0,150929.0,1.0,0.0,ok,ECB reported,https://www.ecb.europa.eu/stats/pdf/monetary/lm/liq_daily_2021.zip
2021-09-09,4403558.0,4403558.0,4403558.0,3739714.0,814773.0,150929.0,0.0,0.0,ok,ECB reported,https://www.ecb.europa.eu/stats/pdf/monetary/lm/liq_daily_2021.zip
2021-09-10,4414475.0,4414475.0,4414474.0,3743978.0,821444.0,150929.0,19.0,1.0,ok,ECB reported,https://www.ecb.europa.eu/stats/pdf/monetary/lm/liq_daily_2021.zip
2021-09-13,4418167.0,4418167.0,4418167.0,3741084.0,828012.0,150929.0,0.0,0.0,ok,ECB reported,https://www.ecb.europa.eu/stats/pdf/monetary/lm/liq_daily_2021.zip
2021-09-14,4424614.0,4424614.0,4424615.0,3753504.0,822054.0,150929.0,14.0,-1.0,ok,ECB reported,https://www.ecb.europa.eu/stats/pdf/monetary/lm/liq_daily_2021.zip
2021-09-15,4410025.0,4410025.0,4410025.0,3980103.0,582744.0,152822.0,0.0,0.0,ok,ECB reported,https://www.ecb.europa.eu/stats/pdf/monetary/lm/liq_daily_2021.zip
2021-09-16,4377571.0,4377571.0,4377571.0,3962792.0,567601.0,152822.0,0.0,0.0,ok,ECB reported,https://www.ecb.europa.eu/stats/pdf/monetary/lm/liq_daily_2021.zip
2021-09-17,4368262.0,4368262.0,4368263.0,3941344.0,579741.0,152822.0,0.0,-1.0,ok,ECB reported,https://www.ecb.europa.eu/stats/pdf/monetary/lm/liq_daily_2021.zip
2021-09-20,4345688.0,4345688.0,4345689.0,3906891.0,591620.0,152822.0,0.0,-1.0,ok,ECB reported,https://www.ecb.europa.eu/stats/pdf/monetary/lm/liq_daily_2021.zip
2021-09-21,4330384.0,4330384.0,4330384.0,3894701.0,588505.0,152822.0,0.0,0.0,ok,ECB reported,https://www.ecb.europa.eu/stats/pdf/monetary/lm/liq_daily_2021.zip
2021-09-22,4325455.0,4325455.0,4325456.0,3834923.0,643434.0,152822.0,79.0,-1.0,ok,ECB reported,https://www.ecb.europa.eu/stats/pdf/monetary/lm/liq_daily_2021.zip
2021-09-23,4321060.0,4321060.0,4321059.0,3820835.0,653061.0,152822.0,15.0,1.0,ok,ECB reported,https://www.ecb.europa.eu/stats/pdf/monetary/lm/liq_daily_2021.zip
2021-09-24,4321162.0,4321162.0,4321163.0,3787785.0,686218.0,152822.0,18.0,-1.0,ok,ECB reported,https://www.ecb.europa.eu/stats/pdf/monetary/lm/liq_daily_2021.zip
2021-09-27,4313357.0,4313357.0,4313357.0,3771944.0,694243.0,152822.0,8.0,0.0,ok,ECB reported,https://www.ecb.europa.eu/stats/pdf/monetary/lm/liq_daily_2021.zip
2021-09-28,4324609.0,4324609.0,4324609.0,3732575.0,744856.0,152822.0,0.0,0.0,ok,ECB reported,https://www.ecb.europa.eu/stats/pdf/monetary/lm/liq_daily_2021.zip
2021-09-29,4350661.0,4350661.0,4350661.0,3758503.0,744980.0,152822.0,0.0,0.0,ok,ECB reported,https://www.ecb.europa.eu/stats/pdf/monetary/lm/liq_daily_2021.zip
2021-09-30,4320870.0,4320870.0,4320870.0,3698683.0,775009.0,152822.0,0.0,0.0,ok,ECB reported,https://www.ecb.europa.eu/stats/pdf/monetary/lm/liq_daily_2021.zip
2021-10-01,4379556.0,4379556.0,4379556.0,3761273.0,771105.0,152822.0,0.0,0.0,ok,ECB reported,https://www.ecb.europa.eu/stats/pdf/monetary/lm/liq_daily_2021.zip
2021-10-04,4398837.0,4398837.0,4398837.0,3770304.0,781355.0,152822.0,0.0,0.0,ok,ECB reported,https://www.ecb.europa.eu/stats/pdf/monetary/lm/liq_daily_2021.zip
2021-10-05,4413094.0,4413094.0,4413093.0,3781685.0,784230.0,152822.0,0.0,1.0,ok,ECB reported,https://www.ecb.europa.eu/stats/pdf/monetary/lm/liq_daily_2021.zip
2021-10-06,4399521.0,4399521.0,4399522.0,3778649.0,773695.0,152822.0,0.0,-1.0,ok,ECB reported,https://www.ecb.europa.eu/stats/pdf/monetary/lm/liq_daily_2021.zip
2021-10-07,4409818.0,4409818.0,4409819.0,3788571.0,774071.0,152822.0,1.0,-1.0,ok,ECB reported,https://www.ecb.europa.eu/stats/pdf/monetary/lm/liq_daily_2021.zip
2021-10-08,4432966.0,4432966.0,4432966.0,3806160.0,779628.0,152822.0,0.0,0.0,ok,ECB reported,https://www.ecb.europa.eu/stats/pdf/monetary/lm/liq_daily_2021.zip
2021-10-11,4417972.0,4417972.0,4417972.0,3794470.0,776324.0,152822.0,0.0,0.0,ok,ECB reported,https://www.ecb.europa.eu/stats/pdf/monetary/lm/liq_daily_2021.zip
2021-10-12,4417375.0,4417375.0,4417375.0,3800218.0,769979.0,152822.0,0.0,0.0,ok,ECB reported,https://www.ecb.europa.eu/stats/pdf/monetary/lm/liq_daily_2021.zip
2021-10-13,4424577.0,4424577.0,4424577.0,3797983.0,779426.0,152822.0,10.0,0.0,ok,ECB reported,https://www.ecb.europa.eu/stats/pdf/monetary/lm/liq_daily_2021.zip
2021-10-14,4410911.0,4410911.0,4410912.0,3785059.0,778675.0,152822.0,0.0,-1.0,ok,ECB reported,https://www.ecb.europa.eu/stats/pdf/monetary/lm/liq_daily_2021.zip
2021-10-15,4408815.0,4408815.0,4408816.0,3786526.0,775115.0,152822.0,3.0,-1.0,ok,ECB reported,https://www.ecb.europa.eu/stats/pdf/monetary/lm/liq_daily_2021.zip
2021-10-18,4422754.0,4422754.0,4422755.0,3802568.0,773009.0,152822.0,0.0,-1.0,ok,ECB reported,https://www.ecb.europa.eu/stats/pdf/monetary/lm/liq_daily_2021.zip
2021-10-19,4423532.0,4423532.0,4423532.0,3796510.0,779854.0,152822.0,10.0,0.0,ok,ECB reported,https://www.ecb.europa.eu/stats/pdf/monetary/lm/liq_daily_2021.zip
2021-10-20,4415926.0,4415926.0,4415926.0,3786407.0,782341.0,152822.0,0.0,0.0,ok,ECB reported,https://www.ecb.europa.eu/stats/pdf/monetary/lm/liq_daily_2021.zip
2021-10-21,4417565.0,4417565.0,4417565.0,3793400.0,776987.0,152822.0,0.0,0.0,ok,ECB reported,https://www.ecb.europa.eu/stats/pdf/monetary/lm/liq_daily_2021.zip
2021-10-22,4419917.0,4419917.0,4419916.0,3805163.0,767575.0,152822.0,0.0,1.0,ok,ECB reported,https://www.ecb.europa.eu/stats/pdf/monetary/lm/liq_daily_2021.zip
2021-10-25,4419203.0,4419203.0,4419203.0,3784724.0,787301.0,152822.0,0.0,0.0,ok,ECB reported,https://www.ecb.europa.eu/stats/pdf/monetary/lm/liq_daily_2021.zip
2021-10-26,4416077.0,4416077.0,4416077.0,3782227.0,786672.0,152822.0,0.0,0.0,ok,ECB reported,https://www.ecb.europa.eu/stats/pdf/monetary/lm/liq_daily_2021.zip
2021-10-27,4424016.0,4424016.0,4424016.0,3788943.0,787898.0,152822.0,3.0,0.0,ok,ECB reported,https://www.ecb.europa.eu/stats/pdf/monetary/lm/liq_daily_2021.zip
2021-10-28,4397119.0,4397119.0,4397119.0,3766801.0,783143.0,152822.0,3.0,0.0,ok,ECB reported,https://www.ecb.europa.eu/stats/pdf/monetary/lm/liq_daily_2021.zip
2021-10-29,4412638.0,4412638.0,4412639.0,3759888.0,805575.0,152822.0,2.0,-1.0,ok,ECB reported,https://www.ecb.europa.eu/stats/pdf/monetary/lm/liq_daily_2021.zip
2021-11-01,4448588.0,4448588.0,4448588.0,3799592.0,801820.0,152822.0,2.0,0.0,ok,ECB reported,https://www.ecb.europa.eu/stats/pdf/monetary/lm/liq_daily_2021.zip
2021-11-02,4489414.0,4489414.0,4489415.0,3814118.0,828121.0,152822.0,2.0,-1.0,ok,ECB reported,https://www.ecb.europa.eu/stats/pdf/monetary/lm/liq_daily_2021.zip
2021-11-03,4478793.0,4478793.0,4478793.0,4034430.0,598601.0,154236.0,2.0,0.0,ok,ECB reported,https://www.ecb.europa.eu/stats/pdf/monetary/lm/liq_daily_2021.zip
2021-11-04,4482830.0,4482830.0,4482829.0,4033866.0,603199.0,154236.0,0.0,1.0,ok,ECB reported,https://www.ecb.europa.eu/stats/pdf/monetary/lm/liq_daily_2021.zip
2021-11-05,4486248.0,4486248.0,4486248.0,4022965.0,617519.0,154236.0,0.0,0.0,ok,ECB reported,https://www.ecb.europa.eu/stats/pdf/monetary/lm/liq_daily_2021.zip
2021-11-08,4481770.0,4481770.0,4481769.0,4002695.0,633310.0,154236.0,0.0,1.0,ok,ECB reported,https://www.ecb.europa.eu/stats/pdf/monetary/lm/liq_daily_2021.zip
2021-11-09,4498234.0,4498234.0,4498234.0,4018292.0,634178.0,154236.0,0.0,0.0,ok,ECB reported,https://www.ecb.europa.eu/stats/pdf/monetary/lm/liq_daily_2021.zip
2021-11-10,4484720.0,4484720.0,4484719.0,3989274.0,649681.0,154236.0,0.0,1.0,ok,ECB reported,https://www.ecb.europa.eu/stats/pdf/monetary/lm/liq_daily_2021.zip
2021-11-11,4481158.0,4481158.0,4481158.0,3942014.0,693380.0,154236.0,0.0,0.0,ok,ECB reported,https://www.ecb.europa.eu/stats/pdf/monetary/lm/liq_daily_2021.zip
2021-11-12,4479645.0,4479645.0,4479644.0,3902522.0,731358.0,154236.0,0.0,1.0,ok,ECB reported,https://www.ecb.europa.eu/stats/pdf/monetary/lm/liq_daily_2021.zip
2021-11-15,4448487.0,4448487.0,4448486.0,3822815.0,779917.0,154236.0,10.0,1.0,ok,ECB reported,https://www.ecb.europa.eu/stats/pdf/monetary/lm/liq_daily_2021.zip
2021-11-16,4440765.0,4440765.0,4440765.0,3808824.0,786177.0,154236.0,0.0,0.0,ok,ECB reported,https://www.ecb.europa.eu/stats/pdf/monetary/lm/liq_daily_2021.zip
2021-11-17,4434710.0,4434710.0,4434709.0,3805481.0,783467.0,154236.0,3.0,1.0,ok,ECB reported,https://www.ecb.europa.eu/stats/pdf/monetary/lm/liq_daily_2021.zip
2021-11-18,4408239.0,4408239.0,4408239.0,3784946.0,777529.0,154236.0,0.0,0.0,ok,ECB reported,https://www.ecb.europa.eu/stats/pdf/monetary/lm/liq_daily_2021.zip
2021-11-19,4400653.0,4400653.0,4400654.0,3787098.0,767795.0,154236.0,3.0,-1.0,ok,ECB reported,https://www.ecb.europa.eu/stats/pdf/monetary/lm/liq_daily_2021.zip
2021-11-22,4403349.0,4403349.0,4403349.0,3792497.0,765091.0,154236.0,3.0,0.0,ok,ECB reported,https://www.ecb.europa.eu/stats/pdf/monetary/lm/liq_daily_2021.zip
2021-11-23,4408710.0,4408710.0,4408710.0,3795757.0,767189.0,154236.0,0.0,0.0,ok,ECB reported,https://www.ecb.europa.eu/stats/pdf/monetary/lm/liq_daily_2021.zip
2021-11-24,4403925.0,4403925.0,4403924.0,3795207.0,762954.0,154236.0,1.0,1.0,ok,ECB reported,https://www.ecb.europa.eu/stats/pdf/monetary/lm/liq_daily_2021.zip
2021-11-25,4389344.0,4389344.0,4389344.0,3775976.0,767605.0,154236.0,1.0,0.0,ok,ECB reported,https://www.ecb.europa.eu/stats/pdf/monetary/lm/liq_daily_2021.zip
2021-11-26,4383282.0,4383282.0,4383281.0,3766047.0,771470.0,154236.0,0.0,1.0,ok,ECB reported,https://www.ecb.europa.eu/stats/pdf/monetary/lm/liq_daily_2021.zip
2021-11-29,4429217.0,4429217.0,4429217.0,3796814.0,786639.0,154236.0,0.0,0.0,ok,ECB reported,https://www.ecb.europa.eu/stats/pdf/monetary/lm/liq_daily_2021.zip
2021-11-30,4454672.0,4454672.0,4454671.0,3787067.0,821841.0,154236.0,1.0,1.0,ok,ECB reported,https://www.ecb.europa.eu/stats/pdf/monetary/lm/liq_daily_2021.zip
2021-12-01,4495277.0,4495277.0,4495276.0,3836868.0,812644.0,154236.0,0.0,1.0,ok,ECB reported,https://www.ecb.europa.eu/stats/pdf/monetary/lm/liq_daily_2021.zip
2021-12-02,4482812.0,4482812.0,4482812.0,3889710.0,747338.0,154236.0,0.0,0.0,ok,ECB reported,https://www.ecb.europa.eu/stats/pdf/monetary/lm/liq_daily_2021.zip
2021-12-03,4466741.0,4466741.0,4466741.0,3827360.0,793617.0,154236.0,0.0,0.0,ok,ECB reported,https://www.ecb.europa.eu/stats/pdf/monetary/lm/liq_daily_2021.zip
2021-12-06,4454421.0,4454421.0,4454420.0,3827919.0,780738.0,154236.0,1.0,1.0,ok,ECB reported,https://www.ecb.europa.eu/stats/pdf/monetary/lm/liq_daily_2021.zip
2021-12-07,4443966.0,4443966.0,4443965.0,3813257.0,784944.0,154236.0,0.0,1.0,ok,ECB reported,https://www.ecb.europa.eu/stats/pdf/monetary/lm/liq_daily_2021.zip
2021-12-08,4443797.0,4443797.0,4443797.0,3810926.0,787107.0,154236.0,0.0,0.0,ok,ECB reported,https://www.ecb.europa.eu/stats/pdf/monetary/lm/liq_daily_2021.zip
2021-12-09,4448431.0,4448431.0,4448430.0,3812362.0,790304.0,154236.0,0.0,1.0,ok,ECB reported,https://www.ecb.europa.eu/stats/pdf/monetary/lm/liq_daily_2021.zip
2021-12-10,4444382.0,4444382.0,4444381.0,3813238.0,785395.0,154236.0,16.0,1.0,ok,ECB reported,https://www.ecb.europa.eu/stats/pdf/monetary/lm/liq_daily_2021.zip
2021-12-13,4439546.0,4439546.0,4439546.0,3819198.0,774584.0,154236.0,0.0,0.0,ok,ECB reported,https://www.ecb.europa.eu/stats/pdf/monetary/lm/liq_daily_2021.zip
2021-12-14,4444109.0,4444109.0,4444109.0,3835518.0,762827.0,154236.0,0.0,0.0,ok,ECB reported,https://www.ecb.europa.eu/stats/pdf/monetary/lm/liq_daily_2021.zip
2021-12-15,4429677.0,4429677.0,4429677.0,3827880.0,756035.0,154236.0,2.0,0.0,ok,ECB reported,https://www.ecb.europa.eu/stats/pdf/monetary/lm/liq_daily_2021.zip
2021-12-16,4377354.0,4377354.0,4377354.0,3783808.0,747782.0,154236.0,0.0,0.0,ok,ECB reported,https://www.ecb.europa.eu/stats/pdf/monetary/lm/liq_daily_2021.zip
2021-12-17,4348273.0,4348273.0,4348273.0,3743172.0,759337.0,154236.0,0.0,0.0,ok,ECB reported,https://www.ecb.europa.eu/stats/pdf/monetary/lm/liq_daily_2021.zip
2021-12-20,4334983.0,4334983.0,4334982.0,3755932.0,733286.0,154236.0,0.0,1.0,ok,ECB reported,https://www.ecb.europa.eu/stats/pdf/monetary/lm/liq_daily_2021.zip
2021-12-21,4320552.0,4320552.0,4320552.0,3735937.0,738851.0,154236.0,0.0,0.0,ok,ECB reported,https://www.ecb.europa.eu/stats/pdf/monetary/lm/liq_daily_2021.zip
2021-12-22,4314956.0,4314956.0,4314956.0,3784952.0,685413.0,155409.0,0.0,0.0,ok,ECB reported,https://www.ecb.europa.eu/stats/pdf/monetary/lm/liq_daily_2021.zip
2021-12-23,4286606.0,4286606.0,4286605.0,3759447.0,682567.0,155409.0,0.0,1.0,ok,ECB reported,https://www.ecb.europa.eu/stats/pdf/monetary/lm/liq_daily_2021.zip
2021-12-24,4282328.0,4282328.0,4282328.0,3759026.0,678711.0,155409.0,0.0,0.0,ok,ECB reported,https://www.ecb.europa.eu/stats/pdf/monetary/lm/liq_daily_2021.zip
2021-12-27,4243175.0,4243175.0,4243175.0,3714273.0,684311.0,155409.0,0.0,0.0,ok,ECB reported,https://www.ecb.europa.eu/stats/pdf/monetary/lm/liq_daily_2021.zip
2021-12-28,4233530.0,4233530.0,4233529.0,3711211.0,677727.0,155409.0,0.0,1.0,ok,ECB reported,https://www.ecb.europa.eu/stats/pdf/monetary/lm/liq_daily_2021.zip
2021-12-29,4223409.0,4223409.0,4223408.0,3686043.0,692774.0,155409.0,0.0,1.0,ok,ECB reported,https://www.ecb.europa.eu/stats/pdf/monetary/lm/liq_daily_2021.zip
2021-12-30,4194794.0,4194794.0,4194794.0,3636372.0,713870.0,155409.0,39.0,0.0,ok,ECB reported,https://www.ecb.europa.eu/stats/pdf/monetary/lm/liq_daily_2021.zip
2021-12-31,4136341.0,4136341.0,4136340.0,3512153.0,779596.0,155409.0,0.0,1.0,ok,ECB reported,https://www.ecb.europa.eu/stats/pdf/monetary/lm/liq_daily_2021.zip
2022-01-03,4236828.0,4236828.0,4236828.0,3741830.0,650477.0,155409.0,70.0,0.0,ok,ECB reported,https://www.ecb.europa.eu/stats/pdf/monetary/lm/liq_daily_2022.zip
2022-01-04,4294111.0,4294111.0,4294110.0,3814279.0,635240.0,155409.0,0.0,1.0,ok,ECB reported,https://www.ecb.europa.eu/stats/pdf/monetary/lm/liq_daily_2022.zip
2022-01-05,4323628.0,4323628.0,4323627.0,3839329.0,639707.0,155409.0,0.0,1.0,ok,ECB reported,https://www.ecb.europa.eu/stats/pdf/monetary/lm/liq_daily_2022.zip
2022-01-06,4340424.0,4340424.0,4340424.0,3852052.0,643781.0,155409.0,0.0,0.0,ok,ECB reported,https://www.ecb.europa.eu/stats/pdf/monetary/lm/liq_daily_2022.zip
2022-01-07,4383134.0,4383134.0,4383134.0,3894046.0,644497.0,155409.0,0.0,0.0,ok,ECB reported,https://www.ecb.europa.eu/stats/pdf/monetary/lm/liq_daily_2022.zip
2022-01-10,4400859.0,4400859.0,4400859.0,3897278.0,658990.0,155409.0,0.0,0.0,ok,ECB reported,https://www.ecb.europa.eu/stats/pdf/monetary/lm/liq_daily_2022.zip
2022-01-11,4419398.0,4419398.0,4419398.0,3912353.0,662454.0,155409.0,0.0,0.0,ok,ECB reported,https://www.ecb.europa.eu/stats/pdf/monetary/lm/liq_daily_2022.zip
2022-01-12,4410916.0,4410916.0,4410916.0,3871850.0,694475.0,155409.0,0.0,0.0,ok,ECB reported,https://www.ecb.europa.eu/stats/pdf/monetary/lm/liq_daily_2022.zip
2022-01-13,4426545.0,4426545.0,4426546.0,3862487.0,719468.0,155409.0,0.0,-1.0,ok,ECB reported,https://www.ecb.europa.eu/stats/pdf/monetary/lm/liq_daily_2022.zip
2022-01-14,4441573.0,4441573.0,4441572.0,3891532.0,705449.0,155409.0,0.0,1.0,ok,ECB reported,https://www.ecb.europa.eu/stats/pdf/monetary/lm/liq_daily_2022.zip
2022-01-17,4454179.0,4454179.0,4454178.0,3898321.0,711266.0,155409.0,0.0,1.0,ok,ECB reported,https://www.ecb.europa.eu/stats/pdf/monetary/lm/liq_daily_2022.zip
2022-01-18,4469046.0,4469046.0,4469046.0,3844879.0,779576.0,155409.0,0.0,0.0,ok,ECB reported,https://www.ecb.europa.eu/stats/pdf/monetary/lm/liq_daily_2022.zip
2022-01-19,4458429.0,4458429.0,4458428.0,3831692.0,782145.0,155409.0,0.0,1.0,ok,ECB reported,https://www.ecb.europa.eu/stats/pdf/monetary/lm/liq_daily_2022.zip
2022-01-20,4461252.0,4461252.0,4461252.0,3836294.0,780367.0,155409.0,0.0,0.0,ok,ECB reported,https://www.ecb.europa.eu/stats/pdf/monetary/lm/liq_daily_2022.zip
2022-01-21,4465727.0,4465727.0,4465727.0,3838750.0,782386.0,155409.0,0.0,0.0,ok,ECB reported,https://www.ecb.europa.eu/stats/pdf/monetary/lm/liq_daily_2022.zip
2022-01-24,4466143.0,4466143.0,4466143.0,3840638.0,780914.0,155409.0,0.0,0.0,ok,ECB reported,https://www.ecb.europa.eu/stats/pdf/monetary/lm/liq_daily_2022.zip
2022-01-25,4464699.0,4464699.0,4464699.0,3845381.0,774727.0,155409.0,0.0,0.0,ok,ECB reported,https://www.ecb.europa.eu/stats/pdf/monetary/lm/liq_daily_2022.zip
2022-01-26,4436016.0,4436016.0,4436016.0,3814068.0,777357.0,155409.0,0.0,0.0,ok,ECB reported,https://www.ecb.europa.eu/stats/pdf/monetary/lm/liq_daily_2022.zip
2022-01-27,4441247.0,4441247.0,4441246.0,3817075.0,779589.0,155409.0,9.0,1.0,ok,ECB reported,https://www.ecb.europa.eu/stats/pdf/monetary/lm/liq_daily_2022.zip
2022-01-28,4440416.0,4440416.0,4440416.0,3818999.0,776826.0,155409.0,0.0,0.0,ok,ECB reported,https://www.ecb.europa.eu/stats/pdf/monetary/lm/liq_daily_2022.zip
2022-01-31,4473128.0,4473128.0,4473128.0,3814505.0,814033.0,155409.0,1.0,0.0,ok,ECB reported,https://www.ecb.europa.eu/stats/pdf/monetary/lm/liq_daily_2022.zip
2022-02-01,4517166.0,4517166.0,4517165.0,3858663.0,813911.0,155409.0,0.0,1.0,ok,ECB reported,https://www.ecb.europa.eu/stats/pdf/monetary/lm/liq_daily_2022.zip
2022-02-02,4520288.0,4520288.0,4520288.0,3859138.0,816559.0,155409.0,0.0,0.0,ok,ECB reported,https://www.ecb.europa.eu/stats/pdf/monetary/lm/liq_daily_2022.zip
2022-02-03,4525240.0,4525240.0,4525239.0,3878302.0,802346.0,155409.0,0.0,1.0,ok,ECB reported,https://www.ecb.europa.eu/stats/pdf/monetary/lm/liq_daily_2022.zip
2022-02-04,4542972.0,4542972.0,4542971.0,3897674.0,800706.0,155409.0,0.0,1.0,ok,ECB reported,https://www.ecb.europa.eu/stats/pdf/monetary/lm/liq_daily_2022.zip
2022-02-07,4523578.0,4523578.0,4523577.0,3869948.0,809038.0,155409.0,0.0,1.0,ok,ECB reported,https://www.ecb.europa.eu/stats/pdf/monetary/lm/liq_daily_2022.zip
2022-02-08,4527817.0,4527817.0,4527817.0,3874860.0,808372.0,155409.0,6.0,0.0,ok,ECB reported,https://www.ecb.europa.eu/stats/pdf/monetary/lm/liq_daily_2022.zip
2022-02-09,4532287.0,4532287.0,4532287.0,4074789.0,611573.0,153957.0,118.0,0.0,ok,ECB reported,https://www.ecb.europa.eu/stats/pdf/monetary/lm/liq_daily_2022.zip
2022-02-10,4525089.0,4525089.0,4525088.0,4081958.0,597189.0,153957.0,102.0,1.0,ok,ECB reported,https://www.ecb.europa.eu/stats/pdf/monetary/lm/liq_daily_2022.zip
2022-02-11,4522642.0,4522642.0,4522642.0,4069312.0,607353.0,153957.0,66.0,0.0,ok,ECB reported,https://www.ecb.europa.eu/stats/pdf/monetary/lm/liq_daily_2022.zip
2022-02-14,4530450.0,4530450.0,4530450.0,4069609.0,614955.0,153957.0,157.0,0.0,ok,ECB reported,https://www.ecb.europa.eu/stats/pdf/monetary/lm/liq_daily_2022.zip
2022-02-15,4506714.0,4506714.0,4506714.0,3996447.0,664238.0,153957.0,14.0,0.0,ok,ECB reported,https://www.ecb.europa.eu/stats/pdf/monetary/lm/liq_daily_2022.zip
2022-02-16,4482014.0,4482014.0,4482014.0,3939312.0,696659.0,153957.0,0.0,0.0,ok,ECB reported,https://www.ecb.europa.eu/stats/pdf/monetary/lm/liq_daily_2022.zip
2022-02-17,4490069.0,4490069.0,4490068.0,3947185.0,696849.0,153957.0,9.0,1.0,ok,ECB reported,https://www.ecb.europa.eu/stats/pdf/monetary/lm/liq_daily_2022.zip
2022-02-18,4480526.0,4480526.0,4480526.0,3876589.0,757894.0,153957.0,0.0,0.0,ok,ECB reported,https://www.ecb.europa.eu/stats/pdf/monetary/lm/liq_daily_2022.zip
2022-02-21,4470873.0,4470873.0,4470873.0,3868779.0,756052.0,153957.0,1.0,0.0,ok,ECB reported,https://www.ecb.europa.eu/stats/pdf/monetary/lm/liq_daily_2022.zip
2022-02-22,4467248.0,4467248.0,4467247.0,3859561.0,761644.0,153957.0,1.0,1.0,ok,ECB reported,https://www.ecb.europa.eu/stats/pdf/monetary/lm/liq_daily_2022.zip
2022-02-23,4478334.0,4478334.0,4478334.0,3863413.0,769029.0,153957.0,151.0,0.0,ok,ECB reported,https://www.ecb.europa.eu/stats/pdf/monetary/lm/liq_daily_2022.zip
2022-02-24,4468056.0,4468056.0,4468056.0,3861182.0,760953.0,153957.0,122.0,0.0,ok,ECB reported,https://www.ecb.europa.eu/stats/pdf/monetary/lm/liq_daily_2022.zip
2022-02-25,4480460.0,4480460.0,4480460.0,3875460.0,758957.0,153957.0,0.0,0.0,ok,ECB reported,https://www.ecb.europa.eu/stats/pdf/monetary/lm/liq_daily_2022.zip
2022-02-28,4493006.0,4493006.0,4493006.0,3850711.0,796252.0,153957.0,0.0,0.0,ok,ECB reported,https://www.ecb.europa.eu/stats/pdf/monetary/lm/liq_daily_2022.zip
2022-03-01,4530878.0,4530878.0,4530878.0,3891516.0,793319.0,153957.0,0.0,0.0,ok,ECB reported,https://www.ecb.europa.eu/stats/pdf/monetary/lm/liq_daily_2022.zip
2022-03-02,4494205.0,4494205.0,4494205.0,3847780.0,800457.0,153957.0,75.0,0.0,ok,ECB reported,https://www.ecb.europa.eu/stats/pdf/monetary/lm/liq_daily_2022.zip
2022-03-03,4492480.0,4492480.0,4492481.0,3847839.0,798659.0,153957.0,60.0,-1.0,ok,ECB reported,https://www.ecb.europa.eu/stats/pdf/monetary/lm/liq_daily_2022.zip
2022-03-04,4500548.0,4500548.0,4500547.0,3855863.0,798641.0,153957.0,0.0,1.0,ok,ECB reported,https://www.ecb.europa.eu/stats/pdf/monetary/lm/liq_daily_2022.zip
2022-03-07,4471258.0,4471258.0,4471258.0,3826593.0,798622.0,153957.0,0.0,0.0,ok,ECB reported,https://www.ecb.europa.eu/stats/pdf/monetary/lm/liq_daily_2022.zip
2022-03-08,4471017.0,4471017.0,4471017.0,3817714.0,807260.0,153957.0,0.0,0.0,ok,ECB reported,https://www.ecb.europa.eu/stats/pdf/monetary/lm/liq_daily_2022.zip
2022-03-09,4482630.0,4482630.0,4482631.0,3833569.0,803019.0,153957.0,0.0,-1.0,ok,ECB reported,https://www.ecb.europa.eu/stats/pdf/monetary/lm/liq_daily_2022.zip
2022-03-10,4476859.0,4476859.0,4476859.0,3837052.0,793764.0,153957.0,0.0,0.0,ok,ECB reported,https://www.ecb.europa.eu/stats/pdf/monetary/lm/liq_daily_2022.zip
2022-03-11,4491828.0,4491828.0,4491828.0,3836616.0,809169.0,153957.0,0.0,0.0,ok,ECB reported,https://www.ecb.europa.eu/stats/pdf/monetary/lm/liq_daily_2022.zip
2022-03-14,4489270.0,4489270.0,4489269.0,3838221.0,805017.0,153957.0,12.0,1.0,ok,ECB reported,https://www.ecb.europa.eu/stats/pdf/monetary/lm/liq_daily_2022.zip
2022-03-15,4465979.0,4465979.0,4465979.0,3832283.0,787663.0,153957.0,10.0,0.0,ok,ECB reported,https://www.ecb.europa.eu/stats/pdf/monetary/lm/liq_daily_2022.zip
2022-03-16,4453538.0,4453538.0,4453538.0,4016935.0,593401.0,156792.0,6.0,0.0,ok,ECB reported,https://www.ecb.europa.eu/stats/pdf/monetary/lm/liq_daily_2022.zip
2022-03-17,4429652.0,4429652.0,4429652.0,3997291.0,589154.0,156792.0,1.0,0.0,ok,ECB reported,https://www.ecb.europa.eu/stats/pdf/monetary/lm/liq_daily_2022.zip
2022-03-18,4422573.0,4422573.0,4422573.0,3992393.0,586972.0,156792.0,0.0,0.0,ok,ECB reported,https://www.ecb.europa.eu/stats/pdf/monetary/lm/liq_daily_2022.zip
2022-03-21,4411334.0,4411334.0,4411334.0,3958344.0,609782.0,156792.0,0.0,0.0,ok,ECB reported,https://www.ecb.europa.eu/stats/pdf/monetary/lm/liq_daily_2022.zip
2022-03-22,4417695.0,4417695.0,4417695.0,3913797.0,660690.0,156792.0,0.0,0.0,ok,ECB reported,https://www.ecb.europa.eu/stats/pdf/monetary/lm/liq_daily_2022.zip
2022-03-23,4433749.0,4433749.0,4433749.0,3898883.0,691658.0,156792.0,0.0,0.0,ok,ECB reported,https://www.ecb.europa.eu/stats/pdf/monetary/lm/liq_daily_2022.zip
2022-03-24,4436573.0,4436573.0,4436573.0,3828299.0,765066.0,156792.0,0.0,0.0,ok,ECB reported,https://www.ecb.europa.eu/stats/pdf/monetary/lm/liq_daily_2022.zip
2022-03-25,4446432.0,4446432.0,4446432.0,3839574.0,763650.0,156792.0,0.0,0.0,ok,ECB reported,https://www.ecb.europa.eu/stats/pdf/monetary/lm/liq_daily_2022.zip
2022-03-28,4448173.0,4448173.0,4448172.0,3834365.0,770599.0,156792.0,0.0,1.0,ok,ECB reported,https://www.ecb.europa.eu/stats/pdf/monetary/lm/liq_daily_2022.zip
2022-03-29,4434549.0,4434549.0,4434549.0,3826312.0,765029.0,156792.0,0.0,0.0,ok,ECB reported,https://www.ecb.europa.eu/stats/pdf/monetary/lm/liq_daily_2022.zip
2022-03-30,4428152.0,4428152.0,4428152.0,3816522.0,768423.0,156792.0,1.0,0.0,ok,ECB reported,https://www.ecb.europa.eu/stats/pdf/monetary/lm/liq_daily_2022.zip
2022-03-31,4411219.0,4411219.0,4411218.0,3746802.0,821258.0,156792.0,50.0,1.0,ok,ECB reported,https://www.ecb.europa.eu/stats/pdf/monetary/lm/liq_daily_2022.zip
2022-04-01,4487393.0,4487393.0,4487393.0,3886259.0,758179.0,156792.0,253.0,0.0,ok,ECB reported,https://www.ecb.europa.eu/stats/pdf/monetary/lm/liq_daily_2022.zip
2022-04-04,4508216.0,4508216.0,4508216.0,3917385.0,747839.0,156792.0,216.0,0.0,ok,ECB reported,https://www.ecb.europa.eu/stats/pdf/monetary/lm/liq_daily_2022.zip
2022-04-05,4510006.0,4510006.0,4510006.0,3938216.0,728597.0,156792.0,15.0,0.0,ok,ECB reported,https://www.ecb.europa.eu/stats/pdf/monetary/lm/liq_daily_2022.zip
2022-04-06,4528408.0,4528408.0,4528408.0,3964840.0,720378.0,156792.0,18.0,0.0,ok,ECB reported,https://www.ecb.europa.eu/stats/pdf/monetary/lm/liq_daily_2022.zip
2022-04-07,4530760.0,4530760.0,4530760.0,3952215.0,735354.0,156792.0,17.0,0.0,ok,ECB reported,https://www.ecb.europa.eu/stats/pdf/monetary/lm/liq_daily_2022.zip
2022-04-08,4563616.0,4563616.0,4563616.0,3987100.0,733318.0,156792.0,10.0,0.0,ok,ECB reported,https://www.ecb.europa.eu/stats/pdf/monetary/lm/liq_daily_2022.zip
2022-04-11,4550723.0,4550723.0,4550722.0,3971020.0,736494.0,156792.0,0.0,1.0,ok,ECB reported,https://www.ecb.europa.eu/stats/pdf/monetary/lm/liq_daily_2022.zip
2022-04-12,4547916.0,4547916.0,4547915.0,3971224.0,733544.0,156792.0,61.0,1.0,ok,ECB reported,https://www.ecb.europa.eu/stats/pdf/monetary/lm/liq_daily_2022.zip
2022-04-13,4544929.0,4544929.0,4544928.0,3971822.0,729908.0,156792.0,10.0,1.0,ok,ECB reported,https://www.ecb.europa.eu/stats/pdf/monetary/lm/liq_daily_2022.zip
2022-04-14,4530703.0,4530703.0,4530703.0,3967074.0,720422.0,156792.0,1.0,0.0,ok,ECB reported,https://www.ecb.europa.eu/stats/pdf/monetary/lm/liq_daily_2022.zip
2022-04-15,4530702.0,4530702.0,4530703.0,3967074.0,720422.0,156792.0,1.0,-1.0,ok,ECB reported,https://www.ecb.europa.eu/stats/pdf/monetary/lm/liq_daily_2022.zip
2022-04-18,4530763.0,4530763.0,4530763.0,3967134.0,720422.0,156792.0,1.0,0.0,ok,ECB reported,https://www.ecb.europa.eu/stats/pdf/monetary/lm/liq_daily_2022.zip
2022-04-19,4548240.0,4548240.0,4548241.0,3980250.0,724788.0,156792.0,5.0,-1.0,ok,ECB reported,https://www.ecb.europa.eu/stats/pdf/monetary/lm/liq_daily_2022.zip
2022-04-20,4554457.0,4554457.0,4554457.0,4139876.0,572358.0,157772.0,5.0,0.0,ok,ECB reported,https://www.ecb.europa.eu/stats/pdf/monetary/lm/liq_daily_2022.zip
2022-04-21,4555245.0,4555245.0,4555245.0,4144844.0,568218.0,157772.0,45.0,0.0,ok,ECB reported,https://www.ecb.europa.eu/stats/pdf/monetary/lm/liq_daily_2022.zip
2022-04-22,4560031.0,4560031.0,4560031.0,4155823.0,562025.0,157772.0,45.0,0.0,ok,ECB reported,https://www.ecb.europa.eu/stats/pdf/monetary/lm/liq_daily_2022.zip
2022-04-25,4584039.0,4584039.0,4584039.0,4170695.0,571162.0,157772.0,46.0,0.0,ok,ECB reported,https://www.ecb.europa.eu/stats/pdf/monetary/lm/liq_daily_2022.zip
2022-04-26,4570269.0,4570269.0,4570268.0,4150919.0,577127.0,157772.0,6.0,1.0,ok,ECB reported,https://www.ecb.europa.eu/stats/pdf/monetary/lm/liq_daily_2022.zip
2022-04-27,4568341.0,4568341.0,4568341.0,4145140.0,580982.0,157772.0,9.0,0.0,ok,ECB reported,https://www.ecb.europa.eu/stats/pdf/monetary/lm/liq_daily_2022.zip
2022-04-28,4544812.0,4544812.0,4544812.0,4108840.0,593806.0,157772.0,62.0,0.0,ok,ECB reported,https://www.ecb.europa.eu/stats/pdf/monetary/lm/liq_daily_2022.zip
2022-04-29,4541031.0,4541031.0,4541031.0,4022387.0,676416.0,157772.0,0.0,0.0,ok,ECB reported,https://www.ecb.europa.eu/stats/pdf/monetary/lm/liq_daily_2022.zip
2022-05-02,4592162.0,4592162.0,4592162.0,4028199.0,721735.0,157772.0,0.0,0.0,ok,ECB reported,https://www.ecb.europa.eu/stats/pdf/monetary/lm/liq_daily_2022.zip
2022-05-03,4590090.0,4590090.0,4590091.0,4027895.0,719968.0,157772.0,0.0,-1.0,ok,ECB reported,https://www.ecb.europa.eu/stats/pdf/monetary/lm/liq_daily_2022.zip
2022-05-04,4584342.0,4584342.0,4584342.0,4018036.0,724078.0,157772.0,0.0,0.0,ok,ECB reported,https://www.ecb.europa.eu/stats/pdf/monetary/lm/liq_daily_2022.zip
2022-05-05,4564080.0,4564080.0,4564080.0,3998568.0,723284.0,157772.0,0.0,0.0,ok,ECB reported,https://www.ecb.europa.eu/stats/pdf/monetary/lm/liq_daily_2022.zip
2022-05-06,4568473.0,4568473.0,4568473.0,4012588.0,713659.0,157772.0,2.0,0.0,ok,ECB reported,https://www.ecb.europa.eu/stats/pdf/monetary/lm/liq_daily_2022.zip
2022-05-09,4581698.0,4581698.0,4581698.0,4037448.0,702022.0,157772.0,0.0,0.0,ok,ECB reported,https://www.ecb.europa.eu/stats/pdf/monetary/lm/liq_daily_2022.zip
2022-05-10,4578752.0,4578752.0,4578753.0,4050155.0,686370.0,157772.0,0.0,-1.0,ok,ECB reported,https://www.ecb.europa.eu/stats/pdf/monetary/lm/liq_daily_2022.zip
2022-05-11,4587260.0,4587260.0,4587260.0,4063908.0,681124.0,157772.0,0.0,0.0,ok,ECB reported,https://www.ecb.europa.eu/stats/pdf/monetary/lm/liq_daily_2022.zip
2022-05-12,4595044.0,4595044.0,4595044.0,4093280.0,659536.0,157772.0,0.0,0.0,ok,ECB reported,https://www.ecb.europa.eu/stats/pdf/monetary/lm/liq_daily_2022.zip
2022-05-13,4569609.0,4569609.0,4569608.0,4079570.0,647810.0,157772.0,0.0,1.0,ok,ECB reported,https://www.ecb.europa.eu/stats/pdf/monetary/lm/liq_daily_2022.zip
2022-05-16,4560121.0,4560121.0,4560121.0,4034248.0,683650.0,157772.0,5.0,0.0,ok,ECB reported,https://www.ecb.europa.eu/stats/pdf/monetary/lm/liq_daily_2022.zip
2022-05-17,4542378.0,4542378.0,4542379.0,4006243.0,693913.0,157772.0,5.0,-1.0,ok,ECB reported,https://www.ecb.europa.eu/stats/pdf/monetary/lm/liq_daily_2022.zip
2022-05-18,4536131.0,4536131.0,4536131.0,3989498.0,704405.0,157772.0,0.0,0.0,ok,ECB reported,https://www.ecb.europa.eu/stats/pdf/monetary/lm/liq_daily_2022.zip
2022-05-19,4522101.0,4522101.0,4522101.0,3983447.0,696427.0,157772.0,1.0,0.0,ok,ECB reported,https://www.ecb.europa.eu/stats/pdf/monetary/lm/liq_daily_2022.zip
2022-05-20,4518978.0,4518978.0,4518978.0,3997812.0,678938.0,157772.0,0.0,0.0,ok,ECB reported,https://www.ecb.europa.eu/stats/pdf/monetary/lm/liq_daily_2022.zip
2022-05-23,4520246.0,4520246.0,4520246.0,4000292.0,677726.0,157772.0,0.0,0.0,ok,ECB reported,https://www.ecb.europa.eu/stats/pdf/monetary/lm/liq_daily_2022.zip
2022-05-24,4527623.0,4527623.0,4527623.0,4001165.0,684230.0,157772.0,0.0,0.0,ok,ECB reported,https://www.ecb.europa.eu/stats/pdf/monetary/lm/liq_daily_2022.zip
2022-05-25,4535892.0,4535892.0,4535892.0,4004947.0,688725.0,157772.0,8.0,0.0,ok,ECB reported,https://www.ecb.europa.eu/stats/pdf/monetary/lm/liq_daily_2022.zip
2022-05-26,4535588.0,4535588.0,4535587.0,3998093.0,695266.0,157772.0,0.0,1.0,ok,ECB reported,https://www.ecb.europa.eu/stats/pdf/monetary/lm/liq_daily_2022.zip
2022-05-27,4532534.0,4532534.0,4532534.0,3987128.0,703178.0,157772.0,0.0,0.0,ok,ECB reported,https://www.ecb.europa.eu/stats/pdf/monetary/lm/liq_daily_2022.zip
2022-05-30,4550107.0,4550107.0,4550107.0,3999885.0,707994.0,157772.0,0.0,0.0,ok,ECB reported,https://www.ecb.europa.eu/stats/pdf/monetary/lm/liq_daily_2022.zip
2022-05-31,4552483.0,4552483.0,4552482.0,3913698.0,796596.0,157772.0,40.0,1.0,ok,ECB reported,https://www.ecb.europa.eu/stats/pdf/monetary/lm/liq_daily_2022.zip
2022-06-01,4604119.0,4604119.0,4604119.0,4057741.0,704150.0,157772.0,0.0,0.0,ok,ECB reported,https://www.ecb.europa.eu/stats/pdf/monetary/lm/liq_daily_2022.zip
2022-06-02,4611481.0,4611481.0,4611480.0,4065847.0,703405.0,157772.0,0.0,1.0,ok,ECB reported,https://www.ecb.europa.eu/stats/pdf/monetary/lm/liq_daily_2022.zip
2022-06-03,4608671.0,4608671.0,4608671.0,4060117.0,706326.0,157772.0,0.0,0.0,ok,ECB reported,https://www.ecb.europa.eu/stats/pdf/monetary/lm/liq_daily_2022.zip
2022-06-06,4610592.0,4610592.0,4610593.0,4072585.0,695787.0,157772.0,7.0,-1.0,ok,ECB reported,https://www.ecb.europa.eu/stats/pdf/monetary/lm/liq_daily_2022.zip
2022-06-07,4613055.0,4613055.0,4613055.0,4065759.0,705068.0,157772.0,0.0,0.0,ok,ECB reported,https://www.ecb.europa.eu/stats/pdf/monetary/lm/liq_daily_2022.zip
2022-06-08,4613097.0,4613097.0,4613096.0,4076038.0,694830.0,157772.0,0.0,1.0,ok,ECB reported,https://www.ecb.europa.eu/stats/pdf/monetary/lm/liq_daily_2022.zip
2022-06-09,4616631.0,4616631.0,4616631.0,4065943.0,708461.0,157772.0,1.0,0.0,ok,ECB reported,https://www.ecb.europa.eu/stats/pdf/monetary/lm/liq_daily_2022.zip
2022-06-10,4621243.0,4621243.0,4621243.0,4026709.0,752306.0,157772.0,0.0,0.0,ok,ECB reported,https://www.ecb.europa.eu/stats/pdf/monetary/lm/liq_daily_2022.zip
2022-06-13,4614301.0,4614301.0,4614301.0,4013522.0,758551.0,157772.0,0.0,0.0,ok,ECB reported,https://www.ecb.europa.eu/stats/pdf/monetary/lm/liq_daily_2022.zip
2022-06-14,4622438.0,4622438.0,4622439.0,4028054.0,752157.0,157772.0,0.0,-1.0,ok,ECB reported,https://www.ecb.europa.eu/stats/pdf/monetary/lm/liq_daily_2022.zip
2022-06-15,4586314.0,4586314.0,4586314.0,4176550.0,570622.0,160858.0,0.0,0.0,ok,ECB reported,https://www.ecb.europa.eu/stats/pdf/monetary/lm/liq_daily_2022.zip
2022-06-16,4532841.0,4532841.0,4532841.0,4170235.0,523464.0,160858.0,0.0,0.0,ok,ECB reported,https://www.ecb.europa.eu/stats/pdf/monetary/lm/liq_daily_2022.zip
2022-06-17,4512415.0,4512415.0,4512416.0,4139000.0,534274.0,160858.0,0.0,-1.0,ok,ECB reported,https://www.ecb.europa.eu/stats/pdf/monetary/lm/liq_daily_2022.zip
2022-06-20,4481987.0,4481987.0,4481988.0,4101611.0,541235.0,160858.0,0.0,-1.0,ok,ECB reported,https://www.ecb.europa.eu/stats/pdf/monetary/lm/liq_daily_2022.zip
2022-06-21,4480802.0,4480802.0,4480802.0,4048392.0,593273.0,160858.0,5.0,0.0,ok,ECB reported,https://www.ecb.europa.eu/stats/pdf/monetary/lm/liq_daily_2022.zip
2022-06-22,4487693.0,4487693.0,4487694.0,4032591.0,615961.0,160858.0,0.0,-1.0,ok,ECB reported,https://www.ecb.europa.eu/stats/pdf/monetary/lm/liq_daily_2022.zip
2022-06-23,4488941.0,4488941.0,4488940.0,3999163.0,650635.0,160858.0,0.0,1.0,ok,ECB reported,https://www.ecb.europa.eu/stats/pdf/monetary/lm/liq_daily_2022.zip
2022-06-24,4480035.0,4480035.0,4480035.0,3986688.0,654205.0,160858.0,0.0,0.0,ok,ECB reported,https://www.ecb.europa.eu/stats/pdf/monetary/lm/liq_daily_2022.zip
2022-06-27,4468403.0,4468403.0,4468403.0,3917550.0,711711.0,160858.0,0.0,0.0,ok,ECB reported,https://www.ecb.europa.eu/stats/pdf/monetary/lm/liq_daily_2022.zip
2022-06-28,4466179.0,4466179.0,4466179.0,3903011.0,724036.0,160858.0,10.0,0.0,ok,ECB reported,https://www.ecb.europa.eu/stats/pdf/monetary/lm/liq_daily_2022.zip
2022-06-29,4378770.0,4378770.0,4378770.0,3823456.0,716213.0,160858.0,41.0,0.0,ok,ECB reported,https://www.ecb.europa.eu/stats/pdf/monetary/lm/liq_daily_2022.zip
2022-06-30,4351825.0,4351825.0,4351825.0,3696656.0,816027.0,160858.0,0.0,0.0,ok,ECB reported,https://www.ecb.europa.eu/stats/pdf/monetary/lm/liq_daily_2022.zip
2022-07-01,4428807.0,4428807.0,4428806.0,3853327.0,736337.0,160858.0,0.0,1.0,ok,ECB reported,https://www.ecb.europa.eu/stats/pdf/monetary/lm/liq_daily_2022.zip
2022-07-04,4418951.0,4418951.0,4418951.0,3843752.0,736057.0,160858.0,0.0,0.0,ok,ECB reported,https://www.ecb.europa.eu/stats/pdf/monetary/lm/liq_daily_2022.zip
2022-07-05,4437834.0,4437834.0,4437833.0,3883296.0,715396.0,160858.0,1.0,1.0,ok,ECB reported,https://www.ecb.europa.eu/stats/pdf/monetary/lm/liq_daily_2022.zip
2022-07-06,4441460.0,4441460.0,4441460.0,3889523.0,712795.0,160858.0,0.0,0.0,ok,ECB reported,https://www.ecb.europa.eu/stats/pdf/monetary/lm/liq_daily_2022.zip
2022-07-07,4442930.0,4442930.0,4442930.0,3896482.0,707306.0,160858.0,0.0,0.0,ok,ECB reported,https://www.ecb.europa.eu/stats/pdf/monetary/lm/liq_daily_2022.zip
2022-07-08,4479881.0,4479881.0,4479882.0,3914718.0,726026.0,160858.0,4.0,-1.0,ok,ECB reported,https://www.ecb.europa.eu/stats/pdf/monetary/lm/liq_daily_2022.zip
2022-07-11,4468120.0,4468120.0,4468120.0,3918082.0,710896.0,160858.0,0.0,0.0,ok,ECB reported,https://www.ecb.europa.eu/stats/pdf/monetary/lm/liq_daily_2022.zip
2022-07-12,4466976.0,4466976.0,4466975.0,3924286.0,703547.0,160858.0,0.0,1.0,ok,ECB reported,https://www.ecb.europa.eu/stats/pdf/monetary/lm/liq_daily_2022.zip
2022-07-13,4466644.0,4466644.0,4466644.0,3920511.0,706991.0,160858.0,0.0,0.0,ok,ECB reported,https://www.ecb.europa.eu/stats/pdf/monetary/lm/liq_daily_2022.zip
2022-07-14,4456260.0,4456260.0,4456260.0,3916302.0,700816.0,160858.0,0.0,0.0,ok,ECB reported,https://www.ecb.europa.eu/stats/pdf/monetary/lm/liq_daily_2022.zip
2022-07-15,4459702.0,4459702.0,4459701.0,3910299.0,710260.0,160858.0,0.0,1.0,ok,ECB reported,https://www.ecb.europa.eu/stats/pdf/monetary/lm/liq_daily_2022.zip
2022-07-18,4443939.0,4443939.0,4443940.0,3899710.0,705092.0,160858.0,4.0,-1.0,ok,ECB reported,https://www.ecb.europa.eu/stats/pdf/monetary/lm/liq_daily_2022.zip
2022-07-19,4441616.0,4441616.0,4441616.0,3902060.0,700414.0,160858.0,0.0,0.0,ok,ECB reported,https://www.ecb.europa.eu/stats/pdf/monetary/lm/liq_daily_2022.zip
2022-07-20,4436774.0,4436774.0,4436774.0,3932115.0,665517.0,160858.0,0.0,0.0,ok,ECB reported,https://www.ecb.europa.eu/stats/pdf/monetary/lm/liq_daily_2022.zip
2022-07-21,4433077.0,4433077.0,4433077.0,3892998.0,700937.0,160858.0,0.0,0.0,ok,ECB reported,https://www.ecb.europa.eu/stats/pdf/monetary/lm/liq_daily_2022.zip
2022-07-22,4442100.0,4442100.0,4442100.0,3904414.0,698545.0,160858.0,1.0,0.0,ok,ECB reported,https://www.ecb.europa.eu/stats/pdf/monetary/lm/liq_daily_2022.zip
2022-07-25,4445092.0,4445092.0,4445092.0,3910332.0,695618.0,160858.0,0.0,0.0,ok,ECB reported,https://www.ecb.europa.eu/stats/pdf/monetary/lm/liq_daily_2022.zip
2022-07-26,4435615.0,4435615.0,4435616.0,3895398.0,701077.0,160858.0,1.0,-1.0,ok,ECB reported,https://www.ecb.europa.eu/stats/pdf/monetary/lm/liq_daily_2022.zip
2022-07-27,4408427.0,4408427.0,4408428.0,4004648.0,565180.0,161395.0,5.0,-1.0,ok,ECB reported,https://www.ecb.europa.eu/stats/pdf/monetary/lm/liq_daily_2022.zip
2022-07-28,4376632.0,4376632.0,4376633.0,3924543.0,613488.0,161395.0,3.0,-1.0,ok,ECB reported,https://www.ecb.europa.eu/stats/pdf/monetary/lm/liq_daily_2022.zip
2022-07-29,4404916.0,4404916.0,4404916.0,3855252.0,711059.0,161395.0,0.0,0.0,ok,ECB reported,https://www.ecb.europa.eu/stats/pdf/monetary/lm/liq_daily_2022.zip
2022-08-01,4457516.0,4457516.0,4457516.0,3982973.0,635942.0,161395.0,4.0,0.0,ok,ECB reported,https://www.ecb.europa.eu/stats/pdf/monetary/lm/liq_daily_2022.zip
2022-08-02,4471393.0,4471393.0,4471393.0,3982052.0,650744.0,161395.0,8.0,0.0,ok,ECB reported,https://www.ecb.europa.eu/stats/pdf/monetary/lm/liq_daily_2022.zip
2022-08-03,4469038.0,4469038.0,4469039.0,3990425.0,640028.0,161395.0,19.0,-1.0,ok,ECB reported,https://www.ecb.europa.eu/stats/pdf/monetary/lm/liq_daily_2022.zip
2022-08-04,4465887.0,4465887.0,4465887.0,3995798.0,631484.0,161395.0,0.0,0.0,ok,ECB reported,https://www.ecb.europa.eu/stats/pdf/monetary/lm/liq_daily_2022.zip
2022-08-05,4462405.0,4462405.0,4462405.0,3959694.0,664106.0,161395.0,0.0,0.0,ok,ECB reported,https://www.ecb.europa.eu/stats/pdf/monetary/lm/liq_daily_2022.zip
2022-08-08,4471650.0,4471650.0,4471650.0,3956674.0,676371.0,161395.0,0.0,0.0,ok,ECB reported,https://www.ecb.europa.eu/stats/pdf/monetary/lm/liq_daily_2022.zip
2022-08-09,4486672.0,4486672.0,4486673.0,3975864.0,672204.0,161395.0,0.0,-1.0,ok,ECB reported,https://www.ecb.europa.eu/stats/pdf/monetary/lm/liq_daily_2022.zip
2022-08-10,4484908.0,4484908.0,4484908.0,3973813.0,672490.0,161395.0,0.0,0.0,ok,ECB reported,https://www.ecb.europa.eu/stats/pdf/monetary/lm/liq_daily_2022.zip
2022-08-11,4478675.0,4478675.0,4478675.0,3982011.0,658060.0,161395.0,1.0,0.0,ok,ECB reported,https://www.ecb.europa.eu/stats/pdf/monetary/lm/liq_daily_2022.zip
2022-08-12,4479088.0,4479088.0,4479088.0,3975011.0,665473.0,161395.0,1.0,0.0,ok,ECB reported,https://www.ecb.europa.eu/stats/pdf/monetary/lm/liq_daily_2022.zip
2022-08-15,4472814.0,4472814.0,4472814.0,4028378.0,605831.0,161395.0,0.0,0.0,ok,ECB reported,https://www.ecb.europa.eu/stats/pdf/monetary/lm/liq_daily_2022.zip
2022-08-16,4465311.0,4465311.0,4465312.0,3978988.0,647776.0,161395.0,57.0,-1.0,ok,ECB reported,https://www.ecb.europa.eu/stats/pdf/monetary/lm/liq_daily_2022.zip
2022-08-17,4452350.0,4452350.0,4452351.0,3961443.0,652303.0,161395.0,0.0,-1.0,ok,ECB reported,https://www.ecb.europa.eu/stats/pdf/monetary/lm/liq_daily_2022.zip
2022-08-18,4431181.0,4431181.0,4431181.0,3935982.0,656594.0,161395.0,0.0,0.0,ok,ECB reported,https://www.ecb.europa.eu/stats/pdf/monetary/lm/liq_daily_2022.zip
2022-08-19,4435285.0,4435285.0,4435285.0,3941043.0,655637.0,161395.0,0.0,0.0,ok,ECB reported,https://www.ecb.europa.eu/stats/pdf/monetary/lm/liq_daily_2022.zip
2022-08-22,4419542.0,4419542.0,4419542.0,3929077.0,651860.0,161395.0,0.0,0.0,ok,ECB reported,https://www.ecb.europa.eu/stats/pdf/monetary/lm/liq_daily_2022.zip
2022-08-23,4434812.0,4434812.0,4434813.0,3954317.0,641891.0,161395.0,0.0,-1.0,ok,ECB reported,https://www.ecb.europa.eu/stats/pdf/monetary/lm/liq_daily_2022.zip
2022-08-24,4428781.0,4428781.0,4428782.0,3947068.0,643109.0,161395.0,0.0,-1.0,ok,ECB reported,https://www.ecb.europa.eu/stats/pdf/monetary/lm/liq_daily_2022.zip
2022-08-25,4413611.0,4413611.0,4413612.0,3926775.0,648232.0,161395.0,0.0,-1.0,ok,ECB reported,https://www.ecb.europa.eu/stats/pdf/monetary/lm/liq_daily_2022.zip
2022-08-26,4409550.0,4409550.0,4409550.0,3922325.0,648621.0,161395.0,1.0,0.0,ok,ECB reported,https://www.ecb.europa.eu/stats/pdf/monetary/lm/liq_daily_2022.zip
2022-08-29,4392436.0,4392436.0,4392436.0,3905538.0,648293.0,161395.0,0.0,0.0,ok,ECB reported,https://www.ecb.europa.eu/stats/pdf/monetary/lm/liq_daily_2022.zip
2022-08-30,4409779.0,4409779.0,4409779.0,3911617.0,659557.0,161395.0,0.0,0.0,ok,ECB reported,https://www.ecb.europa.eu/stats/pdf/monetary/lm/liq_daily_2022.zip
2022-08-31,4449516.0,4449516.0,4449516.0,3864143.0,746769.0,161395.0,1.0,0.0,ok,ECB reported,https://www.ecb.europa.eu/stats/pdf/monetary/lm/liq_daily_2022.zip
2022-09-01,4513387.0,4513387.0,4513387.0,4008501.0,666282.0,161395.0,1.0,0.0,ok,ECB reported,https://www.ecb.europa.eu/stats/pdf/monetary/lm/liq_daily_2022.zip
2022-09-02,4544493.0,4544493.0,4544493.0,4035157.0,670732.0,161395.0,1.0,0.0,ok,ECB reported,https://www.ecb.europa.eu/stats/pdf/monetary/lm/liq_daily_2022.zip
2022-09-05,4543083.0,4543083.0,4543083.0,4032054.0,672425.0,161395.0,1.0,0.0,ok,ECB reported,https://www.ecb.europa.eu/stats/pdf/monetary/lm/liq_daily_2022.zip
2022-09-06,4560277.0,4560277.0,4560277.0,4034993.0,686679.0,161395.0,0.0,0.0,ok,ECB reported,https://www.ecb.europa.eu/stats/pdf/monetary/lm/liq_daily_2022.zip
2022-09-07,4577711.0,4577711.0,4577711.0,4055858.0,683248.0,161395.0,0.0,0.0,ok,ECB reported,https://www.ecb.europa.eu/stats/pdf/monetary/lm/liq_daily_2022.zip
2022-09-08,4595794.0,4595794.0,4595795.0,3945961.0,811229.0,161395.0,0.0,-1.0,ok,ECB reported,https://www.ecb.europa.eu/stats/pdf/monetary/lm/liq_daily_2022.zip
2022-09-09,4639757.0,4639757.0,4639757.0,3806845.0,994307.0,161395.0,0.0,0.0,ok,ECB reported,https://www.ecb.europa.eu/stats/pdf/monetary/lm/liq_daily_2022.zip
2022-09-12,4658988.0,4658988.0,4658988.0,3667490.0,1152899.0,161395.0,6.0,0.0,ok,ECB reported,https://www.ecb.europa.eu/stats/pdf/monetary/lm/liq_daily_2022.zip
2022-09-13,4687295.0,4687295.0,4687296.0,3525641.0,1323065.0,161395.0,15.0,-1.0,ok,ECB reported,https://www.ecb.europa.eu/stats/pdf/monetary/lm/liq_daily_2022.zip
2022-09-14,4732859.0,4732859.0,4732859.0,1043377.0,3853832.0,164350.0,0.0,0.0,ok,ECB reported,https://www.ecb.europa.eu/stats/pdf/monetary/lm/liq_daily_2022.zip
2022-09-15,4686773.0,4686773.0,4686773.0,758178.0,4092946.0,164350.0,1.0,0.0,ok,ECB reported,https://www.ecb.europa.eu/stats/pdf/monetary/lm/liq_daily_2022.zip
2022-09-16,4650349.0,4650349.0,4650350.0,548080.0,4266620.0,164350.0,0.0,-1.0,ok,ECB reported,https://www.ecb.europa.eu/stats/pdf/monetary/lm/liq_daily_2022.zip
2022-09-19,4635885.0,4635885.0,4635886.0,531509.0,4268738.0,164350.0,11.0,-1.0,ok,ECB reported,https://www.ecb.europa.eu/stats/pdf/monetary/lm/liq_daily_2022.zip
2022-09-20,4618170.0,4618170.0,4618171.0,479711.0,4302813.0,164350.0,3.0,-1.0,ok,ECB reported,https://www.ecb.europa.eu/stats/pdf/monetary/lm/liq_daily_2022.zip
2022-09-21,4627619.0,4627619.0,4627620.0,480329.0,4311642.0,164350.0,1.0,-1.0,ok,ECB reported,https://www.ecb.europa.eu/stats/pdf/monetary/lm/liq_daily_2022.zip
2022-09-22,4634758.0,4634758.0,4634759.0,462325.0,4336794.0,164350.0,10.0,-1.0,ok,ECB reported,https://www.ecb.europa.eu/stats/pdf/monetary/lm/liq_daily_2022.zip
2022-09-23,4644229.0,4644229.0,4644229.0,403389.0,4405190.0,164350.0,0.0,0.0,ok,ECB reported,https://www.ecb.europa.eu/stats/pdf/monetary/lm/liq_daily_2022.zip
2022-09-26,4624775.0,4624775.0,4624775.0,416082.0,4373043.0,164350.0,0.0,0.0,ok,ECB reported,https://www.ecb.europa.eu/stats/pdf/monetary/lm/liq_daily_2022.zip
2022-09-27,4610693.0,4610693.0,4610693.0,366130.0,4408913.0,164350.0,0.0,0.0,ok,ECB reported,https://www.ecb.europa.eu/stats/pdf/monetary/lm/liq_daily_2022.zip
2022-09-28,4612839.0,4612839.0,4612839.0,307574.0,4469804.0,164350.0,189.0,0.0,ok,ECB reported,https://www.ecb.europa.eu/stats/pdf/monetary/lm/liq_daily_2022.zip
2022-09-29,4602992.0,4602992.0,4602993.0,293285.0,4474277.0,164350.0,219.0,-1.0,ok,ECB reported,https://www.ecb.europa.eu/stats/pdf/monetary/lm/liq_daily_2022.zip
2022-09-30,4531829.0,4531829.0,4531830.0,318251.0,4378209.0,164350.0,280.0,-1.0,ok,ECB reported,https://www.ecb.europa.eu/stats/pdf/monetary/lm/liq_daily_2022.zip
2022-10-03,4648381.0,4648381.0,4648381.0,345408.0,4467585.0,164350.0,262.0,0.0,ok,ECB reported,https://www.ecb.europa.eu/stats/pdf/monetary/lm/liq_daily_2022.zip
2022-10-04,4675269.0,4675269.0,4675270.0,272594.0,4567040.0,164350.0,14.0,-1.0,ok,ECB reported,https://www.ecb.europa.eu/stats/pdf/monetary/lm/liq_daily_2022.zip
2022-10-05,4674795.0,4674795.0,4674796.0,259551.0,4579609.0,164350.0,14.0,-1.0,ok,ECB reported,https://www.ecb.europa.eu/stats/pdf/monetary/lm/liq_daily_2022.zip
2022-10-06,4682500.0,4682500.0,4682500.0,254498.0,4592356.0,164350.0,4.0,0.0,ok,ECB reported,https://www.ecb.europa.eu/stats/pdf/monetary/lm/liq_daily_2022.zip
2022-10-07,4713763.0,4713763.0,4713763.0,251387.0,4626739.0,164350.0,13.0,0.0,ok,ECB reported,https://www.ecb.europa.eu/stats/pdf/monetary/lm/liq_daily_2022.zip
2022-10-10,4709094.0,4709094.0,4709094.0,296762.0,4576695.0,164350.0,13.0,0.0,ok,ECB reported,https://www.ecb.europa.eu/stats/pdf/monetary/lm/liq_daily_2022.zip
2022-10-11,4712016.0,4712016.0,4712017.0,244334.0,4632033.0,164350.0,0.0,-1.0,ok,ECB reported,https://www.ecb.europa.eu/stats/pdf/monetary/lm/liq_daily_2022.zip
2022-10-12,4712972.0,4712972.0,4712972.0,257372.0,4619953.0,164350.0,3.0,0.0,ok,ECB reported,https://www.ecb.europa.eu/stats/pdf/monetary/lm/liq_daily_2022.zip
2022-10-13,4702821.0,4702821.0,4702822.0,235895.0,4631277.0,164350.0,0.0,-1.0,ok,ECB reported,https://www.ecb.europa.eu/stats/pdf/monetary/lm/liq_daily_2022.zip
2022-10-14,4687564.0,4687564.0,4687564.0,232174.0,4619745.0,164350.0,5.0,0.0,ok,ECB reported,https://www.ecb.europa.eu/stats/pdf/monetary/lm/liq_daily_2022.zip
2022-10-17,4691546.0,4691546.0,4691547.0,235012.0,4620895.0,164350.0,10.0,-1.0,ok,ECB reported,https://www.ecb.europa.eu/stats/pdf/monetary/lm/liq_daily_2022.zip
2022-10-18,4686980.0,4686980.0,4686981.0,226657.0,4625218.0,164350.0,544.0,-1.0,ok,ECB reported,https://www.ecb.europa.eu/stats/pdf/monetary/lm/liq_daily_2022.zip
2022-10-19,4684948.0,4684948.0,4684948.0,224358.0,4624940.0,164350.0,0.0,0.0,ok,ECB reported,https://www.ecb.europa.eu/stats/pdf/monetary/lm/liq_daily_2022.zip
2022-10-20,4675659.0,4675659.0,4675659.0,215943.0,4624067.0,164350.0,1.0,0.0,ok,ECB reported,https://www.ecb.europa.eu/stats/pdf/monetary/lm/liq_daily_2022.zip
2022-10-21,4674328.0,4674328.0,4674328.0,215642.0,4623036.0,164350.0,0.0,0.0,ok,ECB reported,https://www.ecb.europa.eu/stats/pdf/monetary/lm/liq_daily_2022.zip
2022-10-24,4660698.0,4660698.0,4660699.0,215466.0,4609687.0,164350.0,104.0,-1.0,ok,ECB reported,https://www.ecb.europa.eu/stats/pdf/monetary/lm/liq_daily_2022.zip
2022-10-25,4688170.0,4688170.0,4688170.0,218359.0,4634163.0,164350.0,2.0,0.0,ok,ECB reported,https://www.ecb.europa.eu/stats/pdf/monetary/lm/liq_daily_2022.zip
2022-10-26,4682238.0,4682238.0,4682238.0,214774.0,4631814.0,164350.0,0.0,0.0,ok,ECB reported,https://www.ecb.europa.eu/stats/pdf/monetary/lm/liq_daily_2022.zip
2022-10-27,4647216.0,4647216.0,4647216.0,221366.0,4590200.0,164350.0,0.0,0.0,ok,ECB reported,https://www.ecb.europa.eu/stats/pdf/monetary/lm/liq_daily_2022.zip
2022-10-28,4634164.0,4634164.0,4634164.0,231016.0,4567498.0,164350.0,0.0,0.0,ok,ECB reported,https://www.ecb.europa.eu/stats/pdf/monetary/lm/liq_daily_2022.zip
2022-10-31,4630192.0,4630192.0,4630192.0,279055.0,4515548.0,164350.0,61.0,0.0,ok,ECB reported,https://www.ecb.europa.eu/stats/pdf/monetary/lm/liq_daily_2022.zip
2022-11-01,4661185.0,4661185.0,4661186.0,312081.0,4513481.0,164350.0,26.0,-1.0,ok,ECB reported,https://www.ecb.europa.eu/stats/pdf/monetary/lm/liq_daily_2022.zip
2022-11-02,4678523.0,4678523.0,4678522.0,431317.0,4413857.0,166652.0,0.0,1.0,ok,ECB reported,https://www.ecb.europa.eu/stats/pdf/monetary/lm/liq_daily_2022.zip
2022-11-03,4678040.0,4678040.0,4678039.0,280290.0,4564401.0,166652.0,0.0,1.0,ok,ECB reported,https://www.ecb.europa.eu/stats/pdf/monetary/lm/liq_daily_2022.zip
2022-11-04,4689609.0,4689609.0,4689609.0,240197.0,4616064.0,166652.0,0.0,0.0,ok,ECB reported,https://www.ecb.europa.eu/stats/pdf/monetary/lm/liq_daily_2022.zip
2022-11-07,4684491.0,4684491.0,4684491.0,220045.0,4631098.0,166652.0,0.0,0.0,ok,ECB reported,https://www.ecb.europa.eu/stats/pdf/monetary/lm/liq_daily_2022.zip
2022-11-08,4693857.0,4693857.0,4693857.0,211547.0,4648962.0,166652.0,0.0,0.0,ok,ECB reported,https://www.ecb.europa.eu/stats/pdf/monetary/lm/liq_daily_2022.zip
2022-11-09,4720543.0,4720543.0,4720543.0,204858.0,4682347.0,166652.0,10.0,0.0,ok,ECB reported,https://www.ecb.europa.eu/stats/pdf/monetary/lm/liq_daily_2022.zip
2022-11-10,4729187.0,4729187.0,4729186.0,209404.0,4686434.0,166652.0,0.0,1.0,ok,ECB reported,https://www.ecb.europa.eu/stats/pdf/monetary/lm/liq_daily_2022.zip
2022-11-11,4740322.0,4740322.0,4740321.0,215028.0,4691956.0,166652.0,11.0,1.0,ok,ECB reported,https://www.ecb.europa.eu/stats/pdf/monetary/lm/liq_daily_2022.zip
2022-11-14,4748690.0,4748690.0,4748690.0,210580.0,4704818.0,166652.0,56.0,0.0,ok,ECB reported,https://www.ecb.europa.eu/stats/pdf/monetary/lm/liq_daily_2022.zip
2022-11-15,4732366.0,4732366.0,4732365.0,195805.0,4703304.0,166652.0,92.0,1.0,ok,ECB reported,https://www.ecb.europa.eu/stats/pdf/monetary/lm/liq_daily_2022.zip
2022-11-16,4698447.0,4698447.0,4698446.0,195725.0,4669374.0,166652.0,1.0,1.0,ok,ECB reported,https://www.ecb.europa.eu/stats/pdf/monetary/lm/liq_daily_2022.zip
2022-11-17,4707293.0,4707293.0,4707292.0,198666.0,4675279.0,166652.0,1.0,1.0,ok,ECB reported,https://www.ecb.europa.eu/stats/pdf/monetary/lm/liq_daily_2022.zip
2022-11-18,4683788.0,4683788.0,4683787.0,211529.0,4638947.0,166652.0,37.0,1.0,ok,ECB reported,https://www.ecb.europa.eu/stats/pdf/monetary/lm/liq_daily_2022.zip
2022-11-21,4672632.0,4672632.0,4672631.0,189566.0,4649717.0,166652.0,0.0,1.0,ok,ECB reported,https://www.ecb.europa.eu/stats/pdf/monetary/lm/liq_daily_2022.zip
2022-11-22,4665253.0,4665253.0,4665252.0,211833.0,4620072.0,166652.0,1.0,1.0,ok,ECB reported,https://www.ecb.europa.eu/stats/pdf/monetary/lm/liq_daily_2022.zip
2022-11-23,4416843.0,4416843.0,4416843.0,196110.0,4387400.0,166652.0,15.0,0.0,ok,ECB reported,https://www.ecb.europa.eu/stats/pdf/monetary/lm/liq_daily_2022.zip
2022-11-24,4403782.0,4403782.0,4403782.0,191434.0,4379030.0,166652.0,30.0,0.0,ok,ECB reported,https://www.ecb.europa.eu/stats/pdf/monetary/lm/liq_daily_2022.zip
2022-11-25,4385216.0,4385216.0,4385215.0,203439.0,4348458.0,166652.0,30.0,1.0,ok,ECB reported,https://www.ecb.europa.eu/stats/pdf/monetary/lm/liq_daily_2022.zip
2022-11-28,4397112.0,4397112.0,4397111.0,194112.0,4369772.0,166652.0,121.0,1.0,ok,ECB reported,https://www.ecb.europa.eu/stats/pdf/monetary/lm/liq_daily_2022.zip
2022-11-29,4421020.0,4421020.0,4421019.0,198209.0,4389507.0,166652.0,45.0,1.0,ok,ECB reported,https://www.ecb.europa.eu/stats/pdf/monetary/lm/liq_daily_2022.zip
2022-11-30,4426188.0,4426188.0,4426188.0,237200.0,4355780.0,166652.0,140.0,0.0,ok,ECB reported,https://www.ecb.europa.eu/stats/pdf/monetary/lm/liq_daily_2022.zip
2022-12-01,4485278.0,4485278.0,4485278.0,200298.0,4451632.0,166652.0,0.0,0.0,ok,ECB reported,https://www.ecb.europa.eu/stats/pdf/monetary/lm/liq_daily_2022.zip
2022-12-02,4497479.0,4497479.0,4497479.0,190171.0,4473960.0,166652.0,0.0,0.0,ok,ECB reported,https://www.ecb.europa.eu/stats/pdf/monetary/lm/liq_daily_2022.zip
2022-12-05,4497853.0,4497853.0,4497853.0,220887.0,4443618.0,166652.0,0.0,0.0,ok,ECB reported,https://www.ecb.europa.eu/stats/pdf/monetary/lm/liq_daily_2022.zip
2022-12-06,4509236.0,4509236.0,4509235.0,199326.0,4476561.0,166652.0,0.0,1.0,ok,ECB reported,https://www.ecb.europa.eu/stats/pdf/monetary/lm/liq_daily_2022.zip
2022-12-07,4497029.0,4497029.0,4497029.0,188169.0,4475512.0,166652.0,0.0,0.0,ok,ECB reported,https://www.ecb.europa.eu/stats/pdf/monetary/lm/liq_daily_2022.zip
2022-12-08,4493984.0,4493984.0,4493984.0,232078.0,4428558.0,166652.0,0.0,0.0,ok,ECB reported,https://www.ecb.europa.eu/stats/pdf/monetary/lm/liq_daily_2022.zip
2022-12-09,4507308.0,4507308.0,4507308.0,197865.0,4476095.0,166652.0,0.0,0.0,ok,ECB reported,https://www.ecb.europa.eu/stats/pdf/monetary/lm/liq_daily_2022.zip
2022-12-12,4493347.0,4493347.0,4493347.0,194830.0,4465176.0,166652.0,7.0,0.0,ok,ECB reported,https://www.ecb.europa.eu/stats/pdf/monetary/lm/liq_daily_2022.zip
2022-12-13,4502139.0,4502139.0,4502138.0,207370.0,4461420.0,166652.0,0.0,1.0,ok,ECB reported,https://www.ecb.europa.eu/stats/pdf/monetary/lm/liq_daily_2022.zip
2022-12-14,4520746.0,4520746.0,4520745.0,196837.0,4490560.0,166652.0,0.0,1.0,ok,ECB reported,https://www.ecb.europa.eu/stats/pdf/monetary/lm/liq_daily_2022.zip
2022-12-15,4485879.0,4485879.0,4485878.0,218699.0,4433832.0,166652.0,1.0,1.0,ok,ECB reported,https://www.ecb.europa.eu/stats/pdf/monetary/lm/liq_daily_2022.zip
2022-12-16,4479118.0,4479118.0,4479117.0,203829.0,4441940.0,166652.0,0.0,1.0,ok,ECB reported,https://www.ecb.europa.eu/stats/pdf/monetary/lm/liq_daily_2022.zip
2022-12-19,4481173.0,4481173.0,4481172.0,240267.0,4407558.0,166652.0,1.0,1.0,ok,ECB reported,https://www.ecb.europa.eu/stats/pdf/monetary/lm/liq_daily_2022.zip
2022-12-20,4474128.0,4474128.0,4474128.0,213167.0,4427616.0,166652.0,3.0,0.0,ok,ECB reported,https://www.ecb.europa.eu/stats/pdf/monetary/lm/liq_daily_2022.zip
2022-12-21,3987908.0,3987908.0,3987907.0,381462.0,3774735.0,168086.0,204.0,1.0,ok,ECB reported,https://www.ecb.europa.eu/stats/pdf/monetary/lm/liq_daily_2022.zip
2022-12-22,4029056.0,4029056.0,4029055.0,283690.0,3913451.0,168086.0,0.0,1.0,ok,ECB reported,https://www.ecb.europa.eu/stats/pdf/monetary/lm/liq_daily_2022.zip
2022-12-23,4029269.0,4029269.0,4029268.0,193124.0,4004387.0,168086.0,157.0,1.0,ok,ECB reported,https://www.ecb.europa.eu/stats/pdf/monetary/lm/liq_daily_2022.zip
2022-12-26,4029268.0,4029268.0,4029268.0,193124.0,4004387.0,168086.0,157.0,0.0,ok,ECB reported,https://www.ecb.europa.eu/stats/pdf/monetary/lm/liq_daily_2022.zip
2022-12-27,3988926.0,3988926.0,3988925.0,193171.0,3963927.0,168086.0,87.0,1.0,ok,ECB reported,https://www.ecb.europa.eu/stats/pdf/monetary/lm/liq_daily_2022.zip
2022-12-28,3980211.0,3980211.0,3980211.0,182081.0,3966385.0,168086.0,169.0,0.0,ok,ECB reported,https://www.ecb.europa.eu/stats/pdf/monetary/lm/liq_daily_2022.zip
2022-12-29,3937032.0,3937032.0,3937031.0,184176.0,3921044.0,168086.0,103.0,1.0,ok,ECB reported,https://www.ecb.europa.eu/stats/pdf/monetary/lm/liq_daily_2022.zip
2022-12-30,3829065.0,3829065.0,3829065.0,218883.0,3778787.0,168086.0,519.0,0.0,ok,ECB reported,https://www.ecb.europa.eu/stats/pdf/monetary/lm/liq_daily_2022.zip
2023-01-02,3947436.0,3947436.0,3947436.0,199383.0,3916434.0,168086.0,295.0,0.0,ok,ECB reported,https://www.ecb.europa.eu/stats/pdf/monetary/lm/liq_daily_2023.zip
2023-01-03,4029491.0,4029491.0,4029490.0,181566.0,4016173.0,168086.0,163.0,1.0,ok,ECB reported,https://www.ecb.europa.eu/stats/pdf/monetary/lm/liq_daily_2023.zip
2023-01-04,4073957.0,4073957.0,4073956.0,181562.0,4060535.0,168086.0,55.0,1.0,ok,ECB reported,https://www.ecb.europa.eu/stats/pdf/monetary/lm/liq_daily_2023.zip
2023-01-05,4100046.0,4100046.0,4100046.0,181358.0,4086778.0,168086.0,4.0,0.0,ok,ECB reported,https://www.ecb.europa.eu/stats/pdf/monetary/lm/liq_daily_2023.zip
2023-01-06,4119520.0,4119520.0,4119519.0,202285.0,4085320.0,168086.0,0.0,1.0,ok,ECB reported,https://www.ecb.europa.eu/stats/pdf/monetary/lm/liq_daily_2023.zip
2023-01-09,4122670.0,4122670.0,4122669.0,181975.0,4108780.0,168086.0,0.0,1.0,ok,ECB reported,https://www.ecb.europa.eu/stats/pdf/monetary/lm/liq_daily_2023.zip
2023-01-10,4133337.0,4133337.0,4133336.0,171377.0,4130057.0,168086.0,12.0,1.0,ok,ECB reported,https://www.ecb.europa.eu/stats/pdf/monetary/lm/liq_daily_2023.zip
2023-01-11,4128240.0,4128240.0,4128240.0,178193.0,4118158.0,168086.0,25.0,0.0,ok,ECB reported,https://www.ecb.europa.eu/stats/pdf/monetary/lm/liq_daily_2023.zip
2023-01-12,4118455.0,4118455.0,4118454.0,168152.0,4118388.0,168086.0,0.0,1.0,ok,ECB reported,https://www.ecb.europa.eu/stats/pdf/monetary/lm/liq_daily_2023.zip
2023-01-13,4130659.0,4130659.0,4130658.0,172501.0,4126243.0,168086.0,0.0,1.0,ok,ECB reported,https://www.ecb.europa.eu/stats/pdf/monetary/lm/liq_daily_2023.zip
2023-01-16,4139967.0,4139967.0,4139966.0,175578.0,4132474.0,168086.0,0.0,1.0,ok,ECB reported,https://www.ecb.europa.eu/stats/pdf/monetary/lm/liq_daily_2023.zip
2023-01-17,4150175.0,4150175.0,4150175.0,175240.0,4143021.0,168086.0,0.0,0.0,ok,ECB reported,https://www.ecb.europa.eu/stats/pdf/monetary/lm/liq_daily_2023.zip
2023-01-18,4149802.0,4149802.0,4149802.0,205276.0,4112612.0,168086.0,0.0,0.0,ok,ECB reported,https://www.ecb.europa.eu/stats/pdf/monetary/lm/liq_daily_2023.zip
2023-01-19,4157354.0,4157354.0,4157354.0,173251.0,4152189.0,168086.0,0.0,0.0,ok,ECB reported,https://www.ecb.europa.eu/stats/pdf/monetary/lm/liq_daily_2023.zip
2023-01-20,4168313.0,4168313.0,4168313.0,175138.0,4161261.0,168086.0,0.0,0.0,ok,ECB reported,https://www.ecb.europa.eu/stats/pdf/monetary/lm/liq_daily_2023.zip
2023-01-23,4161780.0,4161780.0,4161779.0,175974.0,4153891.0,168086.0,0.0,1.0,ok,ECB reported,https://www.ecb.europa.eu/stats/pdf/monetary/lm/liq_daily_2023.zip
2023-01-24,4167455.0,4167455.0,4167455.0,175943.0,4159598.0,168086.0,0.0,0.0,ok,ECB reported,https://www.ecb.europa.eu/stats/pdf/monetary/lm/liq_daily_2023.zip
2023-01-25,4105197.0,4105197.0,4105197.0,175075.0,4098295.0,168086.0,87.0,0.0,ok,ECB reported,https://www.ecb.europa.eu/stats/pdf/monetary/lm/liq_daily_2023.zip
2023-01-26,4101428.0,4101428.0,4101429.0,177445.0,4092072.0,168086.0,2.0,-1.0,ok,ECB reported,https://www.ecb.europa.eu/stats/pdf/monetary/lm/liq_daily_2023.zip
2023-01-27,4099585.0,4099585.0,4099584.0,175950.0,4091722.0,168086.0,2.0,1.0,ok,ECB reported,https://www.ecb.europa.eu/stats/pdf/monetary/lm/liq_daily_2023.zip
2023-01-30,4092221.0,4092221.0,4092221.0,188478.0,4071834.0,168086.0,5.0,0.0,ok,ECB reported,https://www.ecb.europa.eu/stats/pdf/monetary/lm/liq_daily_2023.zip
2023-01-31,4103689.0,4103689.0,4103688.0,274595.0,3997289.0,168086.0,110.0,1.0,ok,ECB reported,https://www.ecb.europa.eu/stats/pdf/monetary/lm/liq_daily_2023.zip
2023-02-01,4127579.0,4127579.0,4127579.0,186867.0,4108848.0,168086.0,50.0,0.0,ok,ECB reported,https://www.ecb.europa.eu/stats/pdf/monetary/lm/liq_daily_2023.zip
2023-02-02,4114112.0,4114112.0,4114112.0,192042.0,4090188.0,168086.0,32.0,0.0,ok,ECB reported,https://www.ecb.europa.eu/stats/pdf/monetary/lm/liq_daily_2023.zip
2023-02-03,4113414.0,4113414.0,4113413.0,202230.0,4079293.0,168086.0,24.0,1.0,ok,ECB reported,https://www.ecb.europa.eu/stats/pdf/monetary/lm/liq_daily_2023.zip
2023-02-06,4114364.0,4114364.0,4114363.0,242205.0,4040269.0,168086.0,25.0,1.0,ok,ECB reported,https://www.ecb.europa.eu/stats/pdf/monetary/lm/liq_daily_2023.zip
2023-02-07,4110101.0,4110101.0,4110100.0,184947.0,4093278.0,168086.0,39.0,1.0,ok,ECB reported,https://www.ecb.europa.eu/stats/pdf/monetary/lm/liq_daily_2023.zip
2023-02-08,4124883.0,4124883.0,4124883.0,363691.0,3925870.0,164638.0,40.0,0.0,ok,ECB reported,https://www.ecb.europa.eu/stats/pdf/monetary/lm/liq_daily_2023.zip
2023-02-09,4139018.0,4139018.0,4139017.0,215854.0,4087852.0,164638.0,51.0,1.0,ok,ECB reported,https://www.ecb.europa.eu/stats/pdf/monetary/lm/liq_daily_2023.zip
2023-02-10,4154433.0,4154433.0,4154433.0,180567.0,4138559.0,164638.0,55.0,0.0,ok,ECB reported,https://www.ecb.europa.eu/stats/pdf/monetary/lm/liq_daily_2023.zip
2023-02-13,4164946.0,4164946.0,4164945.0,173891.0,4155771.0,164638.0,79.0,1.0,ok,ECB reported,https://www.ecb.europa.eu/stats/pdf/monetary/lm/liq_daily_2023.zip
2023-02-14,4169761.0,4169761.0,4169761.0,166124.0,4168355.0,164638.0,80.0,0.0,ok,ECB reported,https://www.ecb.europa.eu/stats/pdf/monetary/lm/liq_daily_2023.zip
2023-02-15,4157566.0,4157566.0,4157566.0,165781.0,4156423.0,164638.0,0.0,0.0,ok,ECB reported,https://www.ecb.europa.eu/stats/pdf/monetary/lm/liq_daily_2023.zip
2023-02-16,4166610.0,4166610.0,4166610.0,167797.0,4163451.0,164638.0,0.0,0.0,ok,ECB reported,https://www.ecb.europa.eu/stats/pdf/monetary/lm/liq_daily_2023.zip
2023-02-17,4167703.0,4167703.0,4167702.0,164984.0,4167387.0,164638.0,31.0,1.0,ok,ECB reported,https://www.ecb.europa.eu/stats/pdf/monetary/lm/liq_daily_2023.zip
2023-02-20,4135939.0,4135939.0,4135938.0,172342.0,4128239.0,164638.0,5.0,1.0,ok,ECB reported,https://www.ecb.europa.eu/stats/pdf/monetary/lm/liq_daily_2023.zip
2023-02-21,4131668.0,4131668.0,4131668.0,171140.0,4125239.0,164638.0,73.0,0.0,ok,ECB reported,https://www.ecb.europa.eu/stats/pdf/monetary/lm/liq_daily_2023.zip
2023-02-22,4107993.0,4107993.0,4107993.0,161462.0,4111361.0,164638.0,192.0,0.0,ok,ECB reported,https://www.ecb.europa.eu/stats/pdf/monetary/lm/liq_daily_2023.zip
2023-02-23,4118294.0,4118294.0,4118293.0,171462.0,4111526.0,164638.0,57.0,1.0,ok,ECB reported,https://www.ecb.europa.eu/stats/pdf/monetary/lm/liq_daily_2023.zip
2023-02-24,4119361.0,4119361.0,4119360.0,172020.0,4112013.0,164638.0,35.0,1.0,ok,ECB reported,https://www.ecb.europa.eu/stats/pdf/monetary/lm/liq_daily_2023.zip
2023-02-27,4125053.0,4125053.0,4125051.0,173826.0,4116000.0,164638.0,137.0,2.0,ok,ECB reported,https://www.ecb.europa.eu/stats/pdf/monetary/lm/liq_daily_2023.zip
2023-02-28,4119676.0,4119676.0,4119675.0,179704.0,4104789.0,164638.0,180.0,1.0,ok,ECB reported,https://www.ecb.europa.eu/stats/pdf/monetary/lm/liq_daily_2023.zip
2023-03-01,4147109.0,4147109.0,4147109.0,170896.0,4140874.0,164638.0,23.0,0.0,ok,ECB reported,https://www.ecb.europa.eu/stats/pdf/monetary/lm/liq_daily_2023.zip
2023-03-02,4140550.0,4140550.0,4140550.0,175744.0,4129447.0,164638.0,3.0,0.0,ok,ECB reported,https://www.ecb.europa.eu/stats/pdf/monetary/lm/liq_daily_2023.zip
2023-03-03,4144561.0,4144561.0,4144561.0,170723.0,4138480.0,164638.0,4.0,0.0,ok,ECB reported,https://www.ecb.europa.eu/stats/pdf/monetary/lm/liq_daily_2023.zip
2023-03-06,4151749.0,4151749.0,4151748.0,170844.0,4145546.0,164638.0,4.0,1.0,ok,ECB reported,https://www.ecb.europa.eu/stats/pdf/monetary/lm/liq_daily_2023.zip
2023-03-07,4151921.0,4151921.0,4151921.0,171249.0,4145316.0,164638.0,6.0,0.0,ok,ECB reported,https://www.ecb.europa.eu/stats/pdf/monetary/lm/liq_daily_2023.zip
2023-03-08,4159289.0,4159289.0,4159289.0,175635.0,4148312.0,164638.0,20.0,0.0,ok,ECB reported,https://www.ecb.europa.eu/stats/pdf/monetary/lm/liq_daily_2023.zip
2023-03-09,4172898.0,4172898.0,4172897.0,172744.0,4164791.0,164638.0,0.0,1.0,ok,ECB reported,https://www.ecb.europa.eu/stats/pdf/monetary/lm/liq_daily_2023.zip
2023-03-10,4170602.0,4170602.0,4170602.0,176922.0,4158318.0,164638.0,0.0,0.0,ok,ECB reported,https://www.ecb.europa.eu/stats/pdf/monetary/lm/liq_daily_2023.zip
2023-03-13,4157090.0,4157090.0,4157090.0,187800.0,4133928.0,164638.0,0.0,0.0,ok,ECB reported,https://www.ecb.europa.eu/stats/pdf/monetary/lm/liq_daily_2023.zip
2023-03-14,4136763.0,4136763.0,4136763.0,191999.0,4109402.0,164638.0,0.0,0.0,ok,ECB reported,https://www.ecb.europa.eu/stats/pdf/monetary/lm/liq_daily_2023.zip
2023-03-15,4099843.0,4099843.0,4099842.0,233829.0,4030657.0,164638.0,6.0,1.0,ok,ECB reported,https://www.ecb.europa.eu/stats/pdf/monetary/lm/liq_daily_2023.zip
2023-03-16,4064709.0,4064709.0,4064708.0,243633.0,3985739.0,164638.0,26.0,1.0,ok,ECB reported,https://www.ecb.europa.eu/stats/pdf/monetary/lm/liq_daily_2023.zip
2023-03-17,4010034.0,4010034.0,4010034.0,234892.0,3939795.0,164638.0,15.0,0.0,ok,ECB reported,https://www.ecb.europa.eu/stats/pdf/monetary/lm/liq_daily_2023.zip
2023-03-20,4055051.0,4055051.0,4055051.0,337125.0,3882651.0,164638.0,87.0,0.0,ok,ECB reported,https://www.ecb.europa.eu/stats/pdf/monetary/lm/liq_daily_2023.zip
2023-03-21,4035944.0,4035944.0,4035944.0,209869.0,3990905.0,164638.0,192.0,0.0,ok,ECB reported,https://www.ecb.europa.eu/stats/pdf/monetary/lm/liq_daily_2023.zip
2023-03-22,4050187.0,4050187.0,4050188.0,360190.0,3855896.0,165827.0,71.0,-1.0,ok,ECB reported,https://www.ecb.europa.eu/stats/pdf/monetary/lm/liq_daily_2023.zip
2023-03-23,4064192.0,4064192.0,4064191.0,220507.0,4009578.0,165827.0,67.0,1.0,ok,ECB reported,https://www.ecb.europa.eu/stats/pdf/monetary/lm/liq_daily_2023.zip
2023-03-24,4056363.0,4056363.0,4056363.0,174741.0,4047506.0,165827.0,57.0,0.0,ok,ECB reported,https://www.ecb.europa.eu/stats/pdf/monetary/lm/liq_daily_2023.zip
2023-03-27,4037131.0,4037131.0,4037131.0,185610.0,4017427.0,165827.0,79.0,0.0,ok,ECB reported,https://www.ecb.europa.eu/stats/pdf/monetary/lm/liq_daily_2023.zip
2023-03-28,4027845.0,4027845.0,4027844.0,186203.0,4007528.0,165827.0,60.0,1.0,ok,ECB reported,https://www.ecb.europa.eu/stats/pdf/monetary/lm/liq_daily_2023.zip
2023-03-29,3916326.0,3916326.0,3916326.0,176032.0,3906210.0,165827.0,89.0,0.0,ok,ECB reported,https://www.ecb.europa.eu/stats/pdf/monetary/lm/liq_daily_2023.zip
2023-03-30,3916724.0,3916724.0,3916724.0,180367.0,3902297.0,165827.0,113.0,0.0,ok,ECB reported,https://www.ecb.europa.eu/stats/pdf/monetary/lm/liq_daily_2023.zip
2023-03-31,3867925.0,3867925.0,3867924.0,197351.0,3836568.0,165827.0,168.0,1.0,ok,ECB reported,https://www.ecb.europa.eu/stats/pdf/monetary/lm/liq_daily_2023.zip
2023-04-03,3964732.0,3964732.0,3964732.0,235216.0,3895431.0,165827.0,88.0,0.0,ok,ECB reported,https://www.ecb.europa.eu/stats/pdf/monetary/lm/liq_daily_2023.zip
2023-04-04,3980652.0,3980652.0,3980652.0,157604.0,3988890.0,165827.0,15.0,0.0,ok,ECB reported,https://www.ecb.europa.eu/stats/pdf/monetary/lm/liq_daily_2023.zip
2023-04-05,3990372.0,3990372.0,3990372.0,179344.0,3976889.0,165827.0,34.0,0.0,ok,ECB reported,https://www.ecb.europa.eu/stats/pdf/monetary/lm/liq_daily_2023.zip
2023-04-06,4001228.0,4001228.0,4001228.0,158364.0,4008717.0,165827.0,26.0,0.0,ok,ECB reported,https://www.ecb.europa.eu/stats/pdf/monetary/lm/liq_daily_2023.zip
2023-04-07,4001215.0,4001215.0,4001215.0,158351.0,4008717.0,165827.0,26.0,0.0,ok,ECB reported,https://www.ecb.europa.eu/stats/pdf/monetary/lm/liq_daily_2023.zip
2023-04-10,4001223.0,4001223.0,4001223.0,158359.0,4008717.0,165827.0,26.0,0.0,ok,ECB reported,https://www.ecb.europa.eu/stats/pdf/monetary/lm/liq_daily_2023.zip
2023-04-11,4000666.0,4000666.0,4000666.0,159875.0,4006662.0,165827.0,44.0,0.0,ok,ECB reported,https://www.ecb.europa.eu/stats/pdf/monetary/lm/liq_daily_2023.zip
2023-04-12,3990143.0,3990143.0,3990142.0,156403.0,3999569.0,165827.0,3.0,1.0,ok,ECB reported,https://www.ecb.europa.eu/stats/pdf/monetary/lm/liq_daily_2023.zip
2023-04-13,3994146.0,3994146.0,3994146.0,158751.0,4001225.0,165827.0,3.0,0.0,ok,ECB reported,https://www.ecb.europa.eu/stats/pdf/monetary/lm/liq_daily_2023.zip
2023-04-14,4006649.0,4006649.0,4006648.0,155674.0,4016801.0,165827.0,0.0,1.0,ok,ECB reported,https://www.ecb.europa.eu/stats/pdf/monetary/lm/liq_daily_2023.zip
2023-04-17,3997189.0,3997189.0,3997189.0,168874.0,3994191.0,165827.0,49.0,0.0,ok,ECB reported,https://www.ecb.europa.eu/stats/pdf/monetary/lm/liq_daily_2023.zip
2023-04-18,4011693.0,4011693.0,4011693.0,162335.0,4015228.0,165827.0,43.0,0.0,ok,ECB reported,https://www.ecb.europa.eu/stats/pdf/monetary/lm/liq_daily_2023.zip
2023-04-19,3992541.0,3992541.0,3992541.0,164605.0,3993763.0,165827.0,0.0,0.0,ok,ECB reported,https://www.ecb.europa.eu/stats/pdf/monetary/lm/liq_daily_2023.zip
2023-04-20,3996569.0,3996569.0,3996569.0,161545.0,4002711.0,165827.0,1860.0,0.0,ok,ECB reported,https://www.ecb.europa.eu/stats/pdf/monetary/lm/liq_daily_2023.zip
2023-04-21,4015438.0,4015438.0,4015437.0,164947.0,4016323.0,165827.0,6.0,1.0,ok,ECB reported,https://www.ecb.europa.eu/stats/pdf/monetary/lm/liq_daily_2023.zip
2023-04-24,4013563.0,4013563.0,4013564.0,165198.0,4014204.0,165827.0,11.0,-1.0,ok,ECB reported,https://www.ecb.europa.eu/stats/pdf/monetary/lm/liq_daily_2023.zip
2023-04-25,4031545.0,4031545.0,4031544.0,173213.0,4024169.0,165827.0,11.0,1.0,ok,ECB reported,https://www.ecb.europa.eu/stats/pdf/monetary/lm/liq_daily_2023.zip
2023-04-26,4010615.0,4010615.0,4010614.0,172160.0,4004338.0,165827.0,57.0,1.0,ok,ECB reported,https://www.ecb.europa.eu/stats/pdf/monetary/lm/liq_daily_2023.zip
2023-04-27,4002001.0,4002001.0,4002001.0,171198.0,3996644.0,165827.0,14.0,0.0,ok,ECB reported,https://www.ecb.europa.eu/stats/pdf/monetary/lm/liq_daily_2023.zip
2023-04-28,3997154.0,3997154.0,3997154.0,181235.0,3981926.0,165827.0,180.0,0.0,ok,ECB reported,https://www.ecb.europa.eu/stats/pdf/monetary/lm/liq_daily_2023.zip
2023-05-01,3997154.0,3997154.0,3997154.0,181235.0,3981926.0,165827.0,180.0,0.0,ok,ECB reported,https://www.ecb.europa.eu/stats/pdf/monetary/lm/liq_daily_2023.zip
2023-05-02,4086701.0,4086701.0,4086700.0,182975.0,4069682.0,165827.0,130.0,1.0,ok,ECB reported,https://www.ecb.europa.eu/stats/pdf/monetary/lm/liq_daily_2023.zip
2023-05-03,4092211.0,4092211.0,4092210.0,185723.0,4072374.0,165827.0,60.0,1.0,ok,ECB reported,https://www.ecb.europa.eu/stats/pdf/monetary/lm/liq_daily_2023.zip
2023-05-04,4102103.0,4102103.0,4102103.0,210335.0,4057595.0,165827.0,0.0,0.0,ok,ECB reported,https://www.ecb.europa.eu/stats/pdf/monetary/lm/liq_daily_2023.zip
2023-05-05,4105100.0,4105100.0,4105100.0,204781.0,4066148.0,165827.0,2.0,0.0,ok,ECB reported,https://www.ecb.europa.eu/stats/pdf/monetary/lm/liq_daily_2023.zip
2023-05-08,4097911.0,4097911.0,4097910.0,237373.0,4026366.0,165827.0,2.0,1.0,ok,ECB reported,https://www.ecb.europa.eu/stats/pdf/monetary/lm/liq_daily_2023.zip
2023-05-09,4113955.0,4113955.0,4113955.0,233517.0,4046278.0,165827.0,13.0,0.0,ok,ECB reported,https://www.ecb.europa.eu/stats/pdf/monetary/lm/liq_daily_2023.zip
2023-05-10,4112256.0,4112256.0,4112256.0,346477.0,3930578.0,164799.0,0.0,0.0,ok,ECB reported,https://www.ecb.europa.eu/stats/pdf/monetary/lm/liq_daily_2023.zip
2023-05-11,4125603.0,4125603.0,4125603.0,204161.0,4086241.0,164799.0,0.0,0.0,ok,ECB reported,https://www.ecb.europa.eu/stats/pdf/monetary/lm/liq_daily_2023.zip
2023-05-12,4137645.0,4137645.0,4137644.0,171219.0,4131224.0,164799.0,0.0,1.0,ok,ECB reported,https://www.ecb.europa.eu/stats/pdf/monetary/lm/liq_daily_2023.zip
2023-05-15,4121346.0,4121346.0,4121346.0,167775.0,4118370.0,164799.0,0.0,0.0,ok,ECB reported,https://www.ecb.europa.eu/stats/pdf/monetary/lm/liq_daily_2023.zip
2023-05-16,4132063.0,4132063.0,4132062.0,165262.0,4131607.0,164799.0,8.0,1.0,ok,ECB reported,https://www.ecb.europa.eu/stats/pdf/monetary/lm/liq_daily_2023.zip
2023-05-17,4136982.0,4136982.0,4136982.0,164954.0,4136845.0,164799.0,18.0,0.0,ok,ECB reported,https://www.ecb.europa.eu/stats/pdf/monetary/lm/liq_daily_2023.zip
2023-05-18,4123953.0,4123953.0,4123952.0,208400.0,4080351.0,164799.0,0.0,1.0,ok,ECB reported,https://www.ecb.europa.eu/stats/pdf/monetary/lm/liq_daily_2023.zip
2023-05-19,4115652.0,4115652.0,4115652.0,156299.0,4124152.0,164799.0,0.0,0.0,ok,ECB reported,https://www.ecb.europa.eu/stats/pdf/monetary/lm/liq_daily_2023.zip
2023-05-22,4122133.0,4122133.0,4122133.0,157743.0,4129190.0,164799.0,1.0,0.0,ok,ECB reported,https://www.ecb.europa.eu/stats/pdf/monetary/lm/liq_daily_2023.zip
2023-05-23,4122011.0,4122011.0,4122011.0,174662.0,4112149.0,164799.0,1.0,0.0,ok,ECB reported,https://www.ecb.europa.eu/stats/pdf/monetary/lm/liq_daily_2023.zip
2023-05-24,4124649.0,4124649.0,4124649.0,156555.0,4132897.0,164799.0,4.0,0.0,ok,ECB reported,https://www.ecb.europa.eu/stats/pdf/monetary/lm/liq_daily_2023.zip
2023-05-25,4134262.0,4134262.0,4134261.0,366108.0,3932953.0,164799.0,1.0,1.0,ok,ECB reported,https://www.ecb.europa.eu/stats/pdf/monetary/lm/liq_daily_2023.zip
2023-05-26,4125396.0,4125396.0,4125395.0,155701.0,4134596.0,164799.0,103.0,1.0,ok,ECB reported,https://www.ecb.europa.eu/stats/pdf/monetary/lm/liq_daily_2023.zip
2023-05-29,4138734.0,4138734.0,4138733.0,197691.0,4105960.0,164799.0,119.0,1.0,ok,ECB reported,https://www.ecb.europa.eu/stats/pdf/monetary/lm/liq_daily_2023.zip
2023-05-30,4147858.0,4147858.0,4147858.0,154841.0,4157990.0,164799.0,174.0,0.0,ok,ECB reported,https://www.ecb.europa.eu/stats/pdf/monetary/lm/liq_daily_2023.zip
2023-05-31,4124937.0,4124937.0,4124937.0,167455.0,4122382.0,164799.0,101.0,0.0,ok,ECB reported,https://www.ecb.europa.eu/stats/pdf/monetary/lm/liq_daily_2023.zip
2023-06-01,4153561.0,4153561.0,4153560.0,152906.0,4165484.0,164799.0,31.0,1.0,ok,ECB reported,https://www.ecb.europa.eu/stats/pdf/monetary/lm/liq_daily_2023.zip
2023-06-02,4156376.0,4156376.0,4156376.0,157476.0,4163699.0,164799.0,0.0,0.0,ok,ECB reported,https://www.ecb.europa.eu/stats/pdf/monetary/lm/liq_daily_2023.zip
2023-06-05,4165372.0,4165372.0,4165371.0,169022.0,4162348.0,164799.0,1200.0,1.0,ok,ECB reported,https://www.ecb.europa.eu/stats/pdf/monetary/lm/liq_daily_2023.zip
2023-06-06,4171635.0,4171635.0,4171634.0,164610.0,4173312.0,164799.0,1489.0,1.0,ok,ECB reported,https://www.ecb.europa.eu/stats/pdf/monetary/lm/liq_daily_2023.zip
2023-06-07,4178021.0,4178021.0,4178020.0,160520.0,4182389.0,164799.0,90.0,1.0,ok,ECB reported,https://www.ecb.europa.eu/stats/pdf/monetary/lm/liq_daily_2023.zip
2023-06-08,4175978.0,4175978.0,4175978.0,192638.0,4148231.0,164799.0,92.0,0.0,ok,ECB reported,https://www.ecb.europa.eu/stats/pdf/monetary/lm/liq_daily_2023.zip
2023-06-09,4178353.0,4178353.0,4178352.0,162525.0,4180728.0,164799.0,102.0,1.0,ok,ECB reported,https://www.ecb.europa.eu/stats/pdf/monetary/lm/liq_daily_2023.zip
2023-06-12,4179465.0,4179465.0,4179465.0,175871.0,4168538.0,164799.0,145.0,0.0,ok,ECB reported,https://www.ecb.europa.eu/stats/pdf/monetary/lm/liq_daily_2023.zip
2023-06-13,4174180.0,4174180.0,4174180.0,184065.0,4155025.0,164799.0,111.0,0.0,ok,ECB reported,https://www.ecb.europa.eu/stats/pdf/monetary/lm/liq_daily_2023.zip
2023-06-14,4163938.0,4163938.0,4163938.0,188109.0,4140748.0,164799.0,120.0,0.0,ok,ECB reported,https://www.ecb.europa.eu/stats/pdf/monetary/lm/liq_daily_2023.zip
2023-06-15,4144166.0,4144166.0,4144166.0,186259.0,4122817.0,164799.0,111.0,0.0,ok,ECB reported,https://www.ecb.europa.eu/stats/pdf/monetary/lm/liq_daily_2023.zip
2023-06-16,4144361.0,4144361.0,4144362.0,193619.0,4115622.0,164799.0,80.0,-1.0,ok,ECB reported,https://www.ecb.europa.eu/stats/pdf/monetary/lm/liq_daily_2023.zip
2023-06-19,4137850.0,4137850.0,4137849.0,212690.0,4090000.0,164799.0,42.0,1.0,ok,ECB reported,https://www.ecb.europa.eu/stats/pdf/monetary/lm/liq_daily_2023.zip
2023-06-20,4124818.0,4124818.0,4124819.0,218353.0,4071294.0,164799.0,29.0,-1.0,ok,ECB reported,https://www.ecb.europa.eu/stats/pdf/monetary/lm/liq_daily_2023.zip
2023-06-21,4117941.0,4117941.0,4117941.0,386715.0,3896409.0,165143.0,40.0,0.0,ok,ECB reported,https://www.ecb.europa.eu/stats/pdf/monetary/lm/liq_daily_2023.zip
2023-06-22,4116863.0,4116863.0,4116863.0,254950.0,4027106.0,165143.0,50.0,0.0,ok,ECB reported,https://www.ecb.europa.eu/stats/pdf/monetary/lm/liq_daily_2023.zip
2023-06-23,4124354.0,4124354.0,4124353.0,185170.0,4104431.0,165143.0,105.0,1.0,ok,ECB reported,https://www.ecb.europa.eu/stats/pdf/monetary/lm/liq_daily_2023.zip
2023-06-26,4124014.0,4124014.0,4124013.0,166591.0,4122640.0,165143.0,75.0,1.0,ok,ECB reported,https://www.ecb.europa.eu/stats/pdf/monetary/lm/liq_daily_2023.zip
2023-06-27,4114745.0,4114745.0,4114744.0,171023.0,4109001.0,165143.0,137.0,1.0,ok,ECB reported,https://www.ecb.europa.eu/stats/pdf/monetary/lm/liq_daily_2023.zip
2023-06-28,3621162.0,3621162.0,3621162.0,161798.0,3624765.0,165143.0,258.0,0.0,ok,ECB reported,https://www.ecb.europa.eu/stats/pdf/monetary/lm/liq_daily_2023.zip
2023-06-29,3621152.0,3621152.0,3621151.0,157944.0,3628393.0,165143.0,43.0,1.0,ok,ECB reported,https://www.ecb.europa.eu/stats/pdf/monetary/lm/liq_daily_2023.zip
2023-06-30,3586014.0,3586014.0,3586013.0,174538.0,3576768.0,165143.0,150.0,1.0,ok,ECB reported,https://www.ecb.europa.eu/stats/pdf/monetary/lm/liq_daily_2023.zip
2023-07-03,3659872.0,3659872.0,3659872.0,164002.0,3661233.0,165143.0,220.0,0.0,ok,ECB reported,https://www.ecb.europa.eu/stats/pdf/monetary/lm/liq_daily_2023.zip
2023-07-04,3654227.0,3654227.0,3654226.0,159043.0,3660451.0,165143.0,125.0,1.0,ok,ECB reported,https://www.ecb.europa.eu/stats/pdf/monetary/lm/liq_daily_2023.zip
2023-07-05,3656038.0,3656038.0,3656039.0,161521.0,3659661.0,165143.0,0.0,-1.0,ok,ECB reported,https://www.ecb.europa.eu/stats/pdf/monetary/lm/liq_daily_2023.zip
2023-07-06,3671604.0,3671604.0,3671604.0,154180.0,3682567.0,165143.0,0.0,0.0,ok,ECB reported,https://www.ecb.europa.eu/stats/pdf/monetary/lm/liq_daily_2023.zip
2023-07-07,3671515.0,3671515.0,3671515.0,166874.0,3669786.0,165143.0,2.0,0.0,ok,ECB reported,https://www.ecb.europa.eu/stats/pdf/monetary/lm/liq_daily_2023.zip
2023-07-10,3667986.0,3667986.0,3667986.0,163713.0,3669416.0,165143.0,0.0,0.0,ok,ECB reported,https://www.ecb.europa.eu/stats/pdf/monetary/lm/liq_daily_2023.zip
2023-07-11,3665202.0,3665202.0,3665202.0,157125.0,3673255.0,165143.0,35.0,0.0,ok,ECB reported,https://www.ecb.europa.eu/stats/pdf/monetary/lm/liq_daily_2023.zip
2023-07-12,3665061.0,3665061.0,3665060.0,158076.0,3672163.0,165143.0,36.0,1.0,ok,ECB reported,https://www.ecb.europa.eu/stats/pdf/monetary/lm/liq_daily_2023.zip
2023-07-13,3667662.0,3667662.0,3667663.0,158192.0,3674679.0,165143.0,65.0,-1.0,ok,ECB reported,https://www.ecb.europa.eu/stats/pdf/monetary/lm/liq_daily_2023.zip
2023-07-14,3662614.0,3662614.0,3662614.0,156445.0,3671363.0,165143.0,51.0,0.0,ok,ECB reported,https://www.ecb.europa.eu/stats/pdf/monetary/lm/liq_daily_2023.zip
2023-07-17,3640545.0,3640545.0,3640545.0,155014.0,3650686.0,165143.0,12.0,0.0,ok,ECB reported,https://www.ecb.europa.eu/stats/pdf/monetary/lm/liq_daily_2023.zip
2023-07-18,3638311.0,3638311.0,3638311.0,162904.0,3642594.0,165143.0,2044.0,0.0,ok,ECB reported,https://www.ecb.europa.eu/stats/pdf/monetary/lm/liq_daily_2023.zip
2023-07-19,3617445.0,3617445.0,3617445.0,154114.0,3628519.0,165143.0,45.0,0.0,ok,ECB reported,https://www.ecb.europa.eu/stats/pdf/monetary/lm/liq_daily_2023.zip
2023-07-20,3618166.0,3618166.0,3618166.0,156811.0,3626548.0,165143.0,50.0,0.0,ok,ECB reported,https://www.ecb.europa.eu/stats/pdf/monetary/lm/liq_daily_2023.zip
2023-07-21,3626101.0,3626101.0,3626100.0,157339.0,3633959.0,165143.0,55.0,1.0,ok,ECB reported,https://www.ecb.europa.eu/stats/pdf/monetary/lm/liq_daily_2023.zip
2023-07-24,3619725.0,3619725.0,3619725.0,170407.0,3614491.0,165143.0,30.0,0.0,ok,ECB reported,https://www.ecb.europa.eu/stats/pdf/monetary/lm/liq_daily_2023.zip
2023-07-25,3617342.0,3617342.0,3617342.0,178273.0,3604257.0,165143.0,45.0,0.0,ok,ECB reported,https://www.ecb.europa.eu/stats/pdf/monetary/lm/liq_daily_2023.zip
2023-07-26,3618375.0,3618375.0,3618375.0,189474.0,3594089.0,165143.0,45.0,0.0,ok,ECB reported,https://www.ecb.europa.eu/stats/pdf/monetary/lm/liq_daily_2023.zip
2023-07-27,3616498.0,3616498.0,3616498.0,185244.0,3596461.0,165143.0,64.0,0.0,ok,ECB reported,https://www.ecb.europa.eu/stats/pdf/monetary/lm/liq_daily_2023.zip
2023-07-28,3604792.0,3604792.0,3604791.0,185110.0,3585068.0,165143.0,244.0,1.0,ok,ECB reported,https://www.ecb.europa.eu/stats/pdf/monetary/lm/liq_daily_2023.zip
2023-07-31,3614875.0,3614875.0,3614875.0,253115.0,3527073.0,165143.0,170.0,0.0,ok,ECB reported,https://www.ecb.europa.eu/stats/pdf/monetary/lm/liq_daily_2023.zip
2023-08-01,3646128.0,3646128.0,3646128.0,195364.0,3615944.0,165143.0,37.0,0.0,ok,ECB reported,https://www.ecb.europa.eu/stats/pdf/monetary/lm/liq_daily_2023.zip
2023-08-02,3640595.0,3640595.0,3640595.0,328335.0,3477581.0,165296.0,25.0,0.0,ok,ECB reported,https://www.ecb.europa.eu/stats/pdf/monetary/lm/liq_daily_2023.zip
2023-08-03,3647676.0,3647676.0,3647676.0,244423.0,3568569.0,165296.0,20.0,0.0,ok,ECB reported,https://www.ecb.europa.eu/stats/pdf/monetary/lm/liq_daily_2023.zip
2023-08-04,3653027.0,3653027.0,3653027.0,168036.0,3650302.0,165296.0,15.0,0.0,ok,ECB reported,https://www.ecb.europa.eu/stats/pdf/monetary/lm/liq_daily_2023.zip
2023-08-07,3658791.0,3658791.0,3658791.0,161212.0,3662885.0,165296.0,10.0,0.0,ok,ECB reported,https://www.ecb.europa.eu/stats/pdf/monetary/lm/liq_daily_2023.zip
2023-08-08,3656096.0,3656096.0,3656097.0,160222.0,3661181.0,165296.0,10.0,-1.0,ok,ECB reported,https://www.ecb.europa.eu/stats/pdf/monetary/lm/liq_daily_2023.zip
2023-08-09,3659170.0,3659170.0,3659171.0,154852.0,3669617.0,165296.0,2.0,-1.0,ok,ECB reported,https://www.ecb.europa.eu/stats/pdf/monetary/lm/liq_daily_2023.zip
2023-08-10,3661009.0,3661009.0,3661008.0,164980.0,3661336.0,165296.0,12.0,1.0,ok,ECB reported,https://www.ecb.europa.eu/stats/pdf/monetary/lm/liq_daily_2023.zip
2023-08-11,3656486.0,3656486.0,3656486.0,177201.0,3644591.0,165296.0,10.0,0.0,ok,ECB reported,https://www.ecb.europa.eu/stats/pdf/monetary/lm/liq_daily_2023.zip
2023-08-14,3658709.0,3658709.0,3658709.0,153907.0,3670103.0,165296.0,5.0,0.0,ok,ECB reported,https://www.ecb.europa.eu/stats/pdf/monetary/lm/liq_daily_2023.zip
2023-08-15,3643589.0,3643589.0,3643590.0,162853.0,3646035.0,165296.0,2.0,-1.0,ok,ECB reported,https://www.ecb.europa.eu/stats/pdf/monetary/lm/liq_daily_2023.zip
2023-08-16,3653058.0,3653058.0,3653058.0,147809.0,3670775.0,165296.0,230.0,0.0,ok,ECB reported,https://www.ecb.europa.eu/stats/pdf/monetary/lm/liq_daily_2023.zip
2023-08-17,3654775.0,3654775.0,3654775.0,148422.0,3671891.0,165296.0,242.0,0.0,ok,ECB reported,https://www.ecb.europa.eu/stats/pdf/monetary/lm/liq_daily_2023.zip
2023-08-18,3646886.0,3646886.0,3646886.0,149482.0,3663047.0,165296.0,347.0,0.0,ok,ECB reported,https://www.ecb.europa.eu/stats/pdf/monetary/lm/liq_daily_2023.zip
2023-08-21,3652921.0,3652921.0,3652921.0,150519.0,3668041.0,165296.0,343.0,0.0,ok,ECB reported,https://www.ecb.europa.eu/stats/pdf/monetary/lm/liq_daily_2023.zip
2023-08-22,3657287.0,3657287.0,3657288.0,149528.0,3673396.0,165296.0,340.0,-1.0,ok,ECB reported,https://www.ecb.europa.eu/stats/pdf/monetary/lm/liq_daily_2023.zip
2023-08-23,3645238.0,3645238.0,3645238.0,184540.0,3626035.0,165296.0,41.0,0.0,ok,ECB reported,https://www.ecb.europa.eu/stats/pdf/monetary/lm/liq_daily_2023.zip
2023-08-24,3646236.0,3646236.0,3646236.0,152182.0,3659360.0,165296.0,10.0,0.0,ok,ECB reported,https://www.ecb.europa.eu/stats/pdf/monetary/lm/liq_daily_2023.zip
2023-08-25,3650412.0,3650412.0,3650412.0,148629.0,3667104.0,165296.0,25.0,0.0,ok,ECB reported,https://www.ecb.europa.eu/stats/pdf/monetary/lm/liq_daily_2023.zip
2023-08-28,3651910.0,3651910.0,3651910.0,156435.0,3660772.0,165296.0,1.0,0.0,ok,ECB reported,https://www.ecb.europa.eu/stats/pdf/monetary/lm/liq_daily_2023.zip
2023-08-29,3649982.0,3649982.0,3649983.0,161922.0,3653382.0,165296.0,25.0,-1.0,ok,ECB reported,https://www.ecb.europa.eu/stats/pdf/monetary/lm/liq_daily_2023.zip
2023-08-30,3649925.0,3649925.0,3649925.0,153810.0,3661476.0,165296.0,65.0,0.0,ok,ECB reported,https://www.ecb.europa.eu/stats/pdf/monetary/lm/liq_daily_2023.zip
2023-08-31,3637713.0,3637713.0,3637713.0,166208.0,3636954.0,165296.0,153.0,0.0,ok,ECB reported,https://www.ecb.europa.eu/stats/pdf/monetary/lm/liq_daily_2023.zip
2023-09-01,3655762.0,3655762.0,3655763.0,163630.0,3657484.0,165296.0,55.0,-1.0,ok,ECB reported,https://www.ecb.europa.eu/stats/pdf/monetary/lm/liq_daily_2023.zip
2023-09-04,3650233.0,3650233.0,3650233.0,164437.0,3651116.0,165296.0,24.0,0.0,ok,ECB reported,https://www.ecb.europa.eu/stats/pdf/monetary/lm/liq_daily_2023.zip
2023-09-05,3663654.0,3663654.0,3663655.0,177390.0,3651574.0,165296.0,13.0,-1.0,ok,ECB reported,https://www.ecb.europa.eu/stats/pdf/monetary/lm/liq_daily_2023.zip
2023-09-06,3665292.0,3665292.0,3665292.0,167205.0,3663408.0,165296.0,25.0,0.0,ok,ECB reported,https://www.ecb.europa.eu/stats/pdf/monetary/lm/liq_daily_2023.zip
2023-09-07,3671839.0,3671839.0,3671839.0,166657.0,3670503.0,165296.0,25.0,0.0,ok,ECB reported,https://www.ecb.europa.eu/stats/pdf/monetary/lm/liq_daily_2023.zip
2023-09-08,3676450.0,3676450.0,3676450.0,159391.0,3682380.0,165296.0,25.0,0.0,ok,ECB reported,https://www.ecb.europa.eu/stats/pdf/monetary/lm/liq_daily_2023.zip
2023-09-11,3676943.0,3676943.0,3676944.0,174582.0,3667673.0,165296.0,15.0,-1.0,ok,ECB reported,https://www.ecb.europa.eu/stats/pdf/monetary/lm/liq_daily_2023.zip
2023-09-12,3677598.0,3677598.0,3677598.0,175605.0,3668294.0,165296.0,1005.0,0.0,ok,ECB reported,https://www.ecb.europa.eu/stats/pdf/monetary/lm/liq_daily_2023.zip
2023-09-13,3680846.0,3680846.0,3680847.0,168957.0,3677256.0,165296.0,70.0,-1.0,ok,ECB reported,https://www.ecb.europa.eu/stats/pdf/monetary/lm/liq_daily_2023.zip
2023-09-14,3663097.0,3663097.0,3663097.0,189620.0,3639149.0,165296.0,376.0,0.0,ok,ECB reported,https://www.ecb.europa.eu/stats/pdf/monetary/lm/liq_daily_2023.zip
2023-09-15,3647844.0,3647844.0,3647844.0,223291.0,3589893.0,165296.0,44.0,0.0,ok,ECB reported,https://www.ecb.europa.eu/stats/pdf/monetary/lm/liq_daily_2023.zip
2023-09-18,3662823.0,3662823.0,3662824.0,273348.0,3554782.0,165296.0,10.0,-1.0,ok,ECB reported,https://www.ecb.europa.eu/stats/pdf/monetary/lm/liq_daily_2023.zip
2023-09-19,3664488.0,3664488.0,3664488.0,212843.0,3616941.0,165296.0,0.0,0.0,ok,ECB reported,https://www.ecb.europa.eu/stats/pdf/monetary/lm/liq_daily_2023.zip
2023-09-20,3657347.0,3657347.0,3657346.0,317465.0,3504449.0,164548.0,20.0,1.0,ok,ECB reported,https://www.ecb.europa.eu/stats/pdf/monetary/lm/liq_daily_2023.zip
2023-09-21,3650814.0,3650814.0,3650814.0,213529.0,3601853.0,164548.0,20.0,0.0,ok,ECB reported,https://www.ecb.europa.eu/stats/pdf/monetary/lm/liq_daily_2023.zip
2023-09-22,3658768.0,3658768.0,3658768.0,162568.0,3660788.0,164548.0,40.0,0.0,ok,ECB reported,https://www.ecb.europa.eu/stats/pdf/monetary/lm/liq_daily_2023.zip
2023-09-25,3663559.0,3663559.0,3663559.0,161201.0,3666956.0,164548.0,50.0,0.0,ok,ECB reported,https://www.ecb.europa.eu/stats/pdf/monetary/lm/liq_daily_2023.zip
2023-09-26,3665016.0,3665016.0,3665016.0,165670.0,3663964.0,164548.0,70.0,0.0,ok,ECB reported,https://www.ecb.europa.eu/stats/pdf/monetary/lm/liq_daily_2023.zip
2023-09-27,3556934.0,3556934.0,3556934.0,198059.0,3523562.0,164548.0,139.0,0.0,ok,ECB reported,https://www.ecb.europa.eu/stats/pdf/monetary/lm/liq_daily_2023.zip
2023-09-28,3554939.0,3554939.0,3554938.0,163892.0,3555594.0,164548.0,0.0,1.0,ok,ECB reported,https://www.ecb.europa.eu/stats/pdf/monetary/lm/liq_daily_2023.zip
2023-09-29,3476240.0,3476240.0,3476240.0,173817.0,3466971.0,164548.0,0.0,0.0,ok,ECB reported,https://www.ecb.europa.eu/stats/pdf/monetary/lm/liq_daily_2023.zip
2023-10-02,3561471.0,3561471.0,3561471.0,159636.0,3566383.0,164548.0,0.0,0.0,ok,ECB reported,https://www.ecb.europa.eu/stats/pdf/monetary/lm/liq_daily_2023.zip
2023-10-03,3570334.0,3570334.0,3570333.0,193942.0,3540939.0,164548.0,0.0,1.0,ok,ECB reported,https://www.ecb.europa.eu/stats/pdf/monetary/lm/liq_daily_2023.zip
2023-10-04,3579775.0,3579775.0,3579775.0,157932.0,3586392.0,164548.0,1.0,0.0,ok,ECB reported,https://www.ecb.europa.eu/stats/pdf/monetary/lm/liq_daily_2023.zip
2023-10-05,3585360.0,3585360.0,3585359.0,155991.0,3593916.0,164548.0,0.0,1.0,ok,ECB reported,https://www.ecb.europa.eu/stats/pdf/monetary/lm/liq_daily_2023.zip
2023-10-06,3591723.0,3591723.0,3591723.0,153196.0,3603080.0,164548.0,5.0,0.0,ok,ECB reported,https://www.ecb.europa.eu/stats/pdf/monetary/lm/liq_daily_2023.zip
2023-10-09,3602807.0,3602807.0,3602807.0,156221.0,3611134.0,164548.0,0.0,0.0,ok,ECB reported,https://www.ecb.europa.eu/stats/pdf/monetary/lm/liq_daily_2023.zip
2023-10-10,3596273.0,3596273.0,3596272.0,159788.0,3601074.0,164548.0,42.0,1.0,ok,ECB reported,https://www.ecb.europa.eu/stats/pdf/monetary/lm/liq_daily_2023.zip
2023-10-11,3597233.0,3597233.0,3597233.0,167269.0,3594512.0,164548.0,0.0,0.0,ok,ECB reported,https://www.ecb.europa.eu/stats/pdf/monetary/lm/liq_daily_2023.zip
2023-10-12,3605868.0,3605868.0,3605868.0,156058.0,3614358.0,164548.0,0.0,0.0,ok,ECB reported,https://www.ecb.europa.eu/stats/pdf/monetary/lm/liq_daily_2023.zip
2023-10-13,3598757.0,3598757.0,3598756.0,161002.0,3602332.0,164548.0,30.0,1.0,ok,ECB reported,https://www.ecb.europa.eu/stats/pdf/monetary/lm/liq_daily_2023.zip
2023-10-16,3602951.0,3602951.0,3602951.0,155811.0,3611718.0,164548.0,30.0,0.0,ok,ECB reported,https://www.ecb.europa.eu/stats/pdf/monetary/lm/liq_daily_2023.zip
2023-10-17,3602262.0,3602262.0,3602262.0,157735.0,3609106.0,164548.0,31.0,0.0,ok,ECB reported,https://www.ecb.europa.eu/stats/pdf/monetary/lm/liq_daily_2023.zip
2023-10-18,3595131.0,3595131.0,3595130.0,154539.0,3605219.0,164548.0,80.0,1.0,ok,ECB reported,https://www.ecb.europa.eu/stats/pdf/monetary/lm/liq_daily_2023.zip
2023-10-19,3580428.0,3580428.0,3580427.0,155981.0,3589084.0,164548.0,90.0,1.0,ok,ECB reported,https://www.ecb.europa.eu/stats/pdf/monetary/lm/liq_daily_2023.zip
2023-10-20,3585257.0,3585257.0,3585256.0,162512.0,3587341.0,164548.0,49.0,1.0,ok,ECB reported,https://www.ecb.europa.eu/stats/pdf/monetary/lm/liq_daily_2023.zip
2023-10-23,3590348.0,3590348.0,3590347.0,175895.0,3579127.0,164548.0,127.0,1.0,ok,ECB reported,https://www.ecb.europa.eu/stats/pdf/monetary/lm/liq_daily_2023.zip
2023-10-24,3587121.0,3587121.0,3587120.0,169523.0,3582206.0,164548.0,61.0,1.0,ok,ECB reported,https://www.ecb.europa.eu/stats/pdf/monetary/lm/liq_daily_2023.zip
2023-10-25,3582892.0,3582892.0,3582891.0,201505.0,3545974.0,164548.0,40.0,1.0,ok,ECB reported,https://www.ecb.europa.eu/stats/pdf/monetary/lm/liq_daily_2023.zip
2023-10-26,3572888.0,3572888.0,3572888.0,183155.0,3554351.0,164548.0,70.0,0.0,ok,ECB reported,https://www.ecb.europa.eu/stats/pdf/monetary/lm/liq_daily_2023.zip
2023-10-27,3568807.0,3568807.0,3568807.0,200387.0,3533275.0,164548.0,307.0,0.0,ok,ECB reported,https://www.ecb.europa.eu/stats/pdf/monetary/lm/liq_daily_2023.zip
2023-10-30,3542575.0,3542575.0,3542575.0,217051.0,3490157.0,164548.0,85.0,0.0,ok,ECB reported,https://www.ecb.europa.eu/stats/pdf/monetary/lm/liq_daily_2023.zip
2023-10-31,3525223.0,3525223.0,3525223.0,193211.0,3496610.0,164548.0,50.0,0.0,ok,ECB reported,https://www.ecb.europa.eu/stats/pdf/monetary/lm/liq_daily_2023.zip
2023-11-01,3545770.0,3545770.0,3545770.0,301385.0,3408271.0,163886.0,0.0,0.0,ok,ECB reported,https://www.ecb.europa.eu/stats/pdf/monetary/lm/liq_daily_2023.zip
2023-11-02,3554824.0,3554824.0,3554824.0,245643.0,3473068.0,163886.0,1.0,0.0,ok,ECB reported,https://www.ecb.europa.eu/stats/pdf/monetary/lm/liq_daily_2023.zip
2023-11-03,3552491.0,3552491.0,3552491.0,167125.0,3549252.0,163886.0,0.0,0.0,ok,ECB reported,https://www.ecb.europa.eu/stats/pdf/monetary/lm/liq_daily_2023.zip
2023-11-06,3556053.0,3556053.0,3556054.0,173436.0,3546505.0,163886.0,1.0,-1.0,ok,ECB reported,https://www.ecb.europa.eu/stats/pdf/monetary/lm/liq_daily_2023.zip
2023-11-07,3553905.0,3553905.0,3553905.0,209300.0,3508491.0,163886.0,0.0,0.0,ok,ECB reported,https://www.ecb.europa.eu/stats/pdf/monetary/lm/liq_daily_2023.zip
2023-11-08,3553020.0,3553020.0,3553020.0,163987.0,3552967.0,163886.0,48.0,0.0,ok,ECB reported,https://www.ecb.europa.eu/stats/pdf/monetary/lm/liq_daily_2023.zip
2023-11-09,3550695.0,3550695.0,3550695.0,161896.0,3552685.0,163886.0,0.0,0.0,ok,ECB reported,https://www.ecb.europa.eu/stats/pdf/monetary/lm/liq_daily_2023.zip
2023-11-10,3551894.0,3551894.0,3551893.0,154902.0,3560877.0,163886.0,0.0,1.0,ok,ECB reported,https://www.ecb.europa.eu/stats/pdf/monetary/lm/liq_daily_2023.zip
2023-11-13,3559105.0,3559105.0,3559105.0,152829.0,3570163.0,163886.0,1.0,0.0,ok,ECB reported,https://www.ecb.europa.eu/stats/pdf/monetary/lm/liq_daily_2023.zip
2023-11-14,3564721.0,3564721.0,3564720.0,155053.0,3573553.0,163886.0,0.0,1.0,ok,ECB reported,https://www.ecb.europa.eu/stats/pdf/monetary/lm/liq_daily_2023.zip
2023-11-15,3560142.0,3560142.0,3560141.0,159402.0,3564630.0,163886.0,5.0,1.0,ok,ECB reported,https://www.ecb.europa.eu/stats/pdf/monetary/lm/liq_daily_2023.zip
2023-11-16,3565741.0,3565741.0,3565741.0,155917.0,3573721.0,163886.0,11.0,0.0,ok,ECB reported,https://www.ecb.europa.eu/stats/pdf/monetary/lm/liq_daily_2023.zip
2023-11-17,3562776.0,3562776.0,3562776.0,162644.0,3564055.0,163886.0,37.0,0.0,ok,ECB reported,https://www.ecb.europa.eu/stats/pdf/monetary/lm/liq_daily_2023.zip
2023-11-20,3561125.0,3561125.0,3561125.0,165614.0,3559427.0,163886.0,30.0,0.0,ok,ECB reported,https://www.ecb.europa.eu/stats/pdf/monetary/lm/liq_daily_2023.zip
2023-11-21,3542144.0,3542144.0,3542145.0,161166.0,3544902.0,163886.0,37.0,-1.0,ok,ECB reported,https://www.ecb.europa.eu/stats/pdf/monetary/lm/liq_daily_2023.zip
2023-11-22,3536771.0,3536771.0,3536771.0,158436.0,3542221.0,163886.0,0.0,0.0,ok,ECB reported,https://www.ecb.europa.eu/stats/pdf/monetary/lm/liq_daily_2023.zip
2023-11-23,3539922.0,3539922.0,3539922.0,159500.0,3544308.0,163886.0,0.0,0.0,ok,ECB reported,https://www.ecb.europa.eu/stats/pdf/monetary/lm/liq_daily_2023.zip
2023-11-24,3542408.0,3542408.0,3542408.0,156977.0,3549323.0,163886.0,6.0,0.0,ok,ECB reported,https://www.ecb.europa.eu/stats/pdf/monetary/lm/liq_daily_2023.zip
2023-11-27,3543715.0,3543715.0,3543716.0,163173.0,3544450.0,163886.0,21.0,-1.0,ok,ECB reported,https://www.ecb.europa.eu/stats/pdf/monetary/lm/liq_daily_2023.zip
2023-11-28,3537136.0,3537136.0,3537136.0,172139.0,3528938.0,163886.0,55.0,0.0,ok,ECB reported,https://www.ecb.europa.eu/stats/pdf/monetary/lm/liq_daily_2023.zip
2023-11-29,3540261.0,3540261.0,3540261.0,158372.0,3545805.0,163886.0,30.0,0.0,ok,ECB reported,https://www.ecb.europa.eu/stats/pdf/monetary/lm/liq_daily_2023.zip
2023-11-30,3526200.0,3526200.0,3526201.0,168386.0,3521735.0,163886.0,34.0,-1.0,ok,ECB reported,https://www.ecb.europa.eu/stats/pdf/monetary/lm/liq_daily_2023.zip
2023-12-01,3558250.0,3558250.0,3558249.0,162960.0,3559175.0,163886.0,0.0,1.0,ok,ECB reported,https://www.ecb.europa.eu/stats/pdf/monetary/lm/liq_daily_2023.zip
2023-12-04,3554479.0,3554479.0,3554478.0,156493.0,3561871.0,163886.0,0.0,1.0,ok,ECB reported,https://www.ecb.europa.eu/stats/pdf/monetary/lm/liq_daily_2023.zip
2023-12-05,3562150.0,3562150.0,3562151.0,154271.0,3571774.0,163886.0,8.0,-1.0,ok,ECB reported,https://www.ecb.europa.eu/stats/pdf/monetary/lm/liq_daily_2023.zip
2023-12-06,3562052.0,3562052.0,3562052.0,170435.0,3555503.0,163886.0,0.0,0.0,ok,ECB reported,https://www.ecb.europa.eu/stats/pdf/monetary/lm/liq_daily_2023.zip
2023-12-07,3564970.0,3564970.0,3564970.0,161802.0,3567054.0,163886.0,0.0,0.0,ok,ECB reported,https://www.ecb.europa.eu/stats/pdf/monetary/lm/liq_daily_2023.zip
2023-12-08,3568477.0,3568477.0,3568477.0,165584.0,3566779.0,163886.0,0.0,0.0,ok,ECB reported,https://www.ecb.europa.eu/stats/pdf/monetary/lm/liq_daily_2023.zip
2023-12-11,3568028.0,3568028.0,3568029.0,162971.0,3568945.0,163886.0,1.0,-1.0,ok,ECB reported,https://www.ecb.europa.eu/stats/pdf/monetary/lm/liq_daily_2023.zip
2023-12-12,3576304.0,3576304.0,3576304.0,163607.0,3576595.0,163886.0,12.0,0.0,ok,ECB reported,https://www.ecb.europa.eu/stats/pdf/monetary/lm/liq_daily_2023.zip
2023-12-13,3583613.0,3583613.0,3583613.0,167397.0,3580141.0,163886.0,39.0,0.0,ok,ECB reported,https://www.ecb.europa.eu/stats/pdf/monetary/lm/liq_daily_2023.zip
2023-12-14,3583368.0,3583368.0,3583368.0,176324.0,3570946.0,163886.0,16.0,0.0,ok,ECB reported,https://www.ecb.europa.eu/stats/pdf/monetary/lm/liq_daily_2023.zip
2023-12-15,3561021.0,3561021.0,3561020.0,191495.0,3533695.0,163886.0,284.0,1.0,ok,ECB reported,https://www.ecb.europa.eu/stats/pdf/monetary/lm/liq_daily_2023.zip
2023-12-18,3575795.0,3575795.0,3575795.0,224244.0,3515562.0,163886.0,125.0,0.0,ok,ECB reported,https://www.ecb.europa.eu/stats/pdf/monetary/lm/liq_daily_2023.zip
2023-12-19,3573488.0,3573488.0,3573488.0,219340.0,3518287.0,163886.0,253.0,0.0,ok,ECB reported,https://www.ecb.europa.eu/stats/pdf/monetary/lm/liq_daily_2023.zip
2023-12-20,3484873.0,3484873.0,3484873.0,343865.0,3303533.0,162283.0,242.0,0.0,ok,ECB reported,https://www.ecb.europa.eu/stats/pdf/monetary/lm/liq_daily_2023.zip
2023-12-21,3483160.0,3483160.0,3483161.0,266831.0,3378713.0,162283.0,100.0,-1.0,ok,ECB reported,https://www.ecb.europa.eu/stats/pdf/monetary/lm/liq_daily_2023.zip
2023-12-22,3487142.0,3487142.0,3487143.0,203993.0,3445633.0,162283.0,200.0,-1.0,ok,ECB reported,https://www.ecb.europa.eu/stats/pdf/monetary/lm/liq_daily_2023.zip
2023-12-25,3487142.0,3487142.0,3487143.0,203993.0,3445633.0,162283.0,200.0,-1.0,ok,ECB reported,https://www.ecb.europa.eu/stats/pdf/monetary/lm/liq_daily_2023.zip
2023-12-26,3487142.0,3487142.0,3487142.0,203992.0,3445633.0,162283.0,200.0,0.0,ok,ECB reported,https://www.ecb.europa.eu/stats/pdf/monetary/lm/liq_daily_2023.zip
2023-12-27,3486048.0,3486048.0,3486048.0,190260.0,3458311.0,162283.0,240.0,0.0,ok,ECB reported,https://www.ecb.europa.eu/stats/pdf/monetary/lm/liq_daily_2023.zip
2023-12-28,3470278.0,3470278.0,3470278.0,186229.0,3446572.0,162283.0,240.0,0.0,ok,ECB reported,https://www.ecb.europa.eu/stats/pdf/monetary/lm/liq_daily_2023.zip
2023-12-29,3346548.0,3346548.0,3346548.0,174019.0,3334822.0,162283.0,10.0,0.0,ok,ECB reported,https://www.ecb.europa.eu/stats/pdf/monetary/lm/liq_daily_2023.zip
2024-01-01,3346548.0,3346548.0,3346548.0,174019.0,3334822.0,162283.0,10.0,0.0,ok,ECB reported,https://www.ecb.europa.eu/stats/pdf/monetary/lm/liq_daily_2024.zip
2024-01-02,3482896.0,3482896.0,3482896.0,154842.0,3490543.0,162283.0,206.0,0.0,ok,ECB reported,https://www.ecb.europa.eu/stats/pdf/monetary/lm/liq_daily_2024.zip
2024-01-03,3506665.0,3506665.0,3506665.0,140310.0,3528638.0,162283.0,0.0,0.0,ok,ECB reported,https://www.ecb.europa.eu/stats/pdf/monetary/lm/liq_daily_2024.zip
2024-01-04,3519419.0,3519419.0,3519419.0,144877.0,3536831.0,162283.0,6.0,0.0,ok,ECB reported,https://www.ecb.europa.eu/stats/pdf/monetary/lm/liq_daily_2024.zip
2024-01-05,3517546.0,3517546.0,3517546.0,139694.0,3540135.0,162283.0,0.0,0.0,ok,ECB reported,https://www.ecb.europa.eu/stats/pdf/monetary/lm/liq_daily_2024.zip
2024-01-08,3530340.0,3530340.0,3530340.0,142567.0,3550056.0,162283.0,0.0,0.0,ok,ECB reported,https://www.ecb.europa.eu/stats/pdf/monetary/lm/liq_daily_2024.zip
2024-01-09,3535592.0,3535592.0,3535592.0,143614.0,3554263.0,162283.0,2.0,0.0,ok,ECB reported,https://www.ecb.europa.eu/stats/pdf/monetary/lm/liq_daily_2024.zip
2024-01-10,3531515.0,3531515.0,3531515.0,150417.0,3543414.0,162283.0,33.0,0.0,ok,ECB reported,https://www.ecb.europa.eu/stats/pdf/monetary/lm/liq_daily_2024.zip
2024-01-11,3539431.0,3539431.0,3539431.0,136500.0,3565220.0,162283.0,6.0,0.0,ok,ECB reported,https://www.ecb.europa.eu/stats/pdf/monetary/lm/liq_daily_2024.zip
2024-01-12,3541166.0,3541166.0,3541166.0,136262.0,3567187.0,162283.0,0.0,0.0,ok,ECB reported,https://www.ecb.europa.eu/stats/pdf/monetary/lm/liq_daily_2024.zip
2024-01-15,3528507.0,3528507.0,3528507.0,139380.0,3551416.0,162283.0,6.0,0.0,ok,ECB reported,https://www.ecb.europa.eu/stats/pdf/monetary/lm/liq_daily_2024.zip
2024-01-16,3530468.0,3530468.0,3530468.0,143096.0,3549886.0,162283.0,231.0,0.0,ok,ECB reported,https://www.ecb.europa.eu/stats/pdf/monetary/lm/liq_daily_2024.zip
2024-01-17,3519341.0,3519341.0,3519341.0,139967.0,3541687.0,162283.0,30.0,0.0,ok,ECB reported,https://www.ecb.europa.eu/stats/pdf/monetary/lm/liq_daily_2024.zip
2024-01-18,3506910.0,3506910.0,3506910.0,142363.0,3526850.0,162283.0,20.0,0.0,ok,ECB reported,https://www.ecb.europa.eu/stats/pdf/monetary/lm/liq_daily_2024.zip
2024-01-19,3504245.0,3504245.0,3504245.0,162275.0,3504253.0,162283.0,0.0,0.0,ok,ECB reported,https://www.ecb.europa.eu/stats/pdf/monetary/lm/liq_daily_2024.zip
2024-01-22,3514157.0,3514157.0,3514157.0,145243.0,3531197.0,162283.0,0.0,0.0,ok,ECB reported,https://www.ecb.europa.eu/stats/pdf/monetary/lm/liq_daily_2024.zip
2024-01-23,3513513.0,3513513.0,3513513.0,148384.0,3527437.0,162283.0,25.0,0.0,ok,ECB reported,https://www.ecb.europa.eu/stats/pdf/monetary/lm/liq_daily_2024.zip
2024-01-24,3520577.0,3520577.0,3520577.0,164487.0,3518373.0,162283.0,0.0,0.0,ok,ECB reported,https://www.ecb.europa.eu/stats/pdf/monetary/lm/liq_daily_2024.zip
2024-01-25,3516933.0,3516933.0,3516934.0,167238.0,3511979.0,162283.0,0.0,-1.0,ok,ECB reported,https://www.ecb.europa.eu/stats/pdf/monetary/lm/liq_daily_2024.zip
2024-01-26,3516255.0,3516255.0,3516256.0,174221.0,3504318.0,162283.0,0.0,-1.0,ok,ECB reported,https://www.ecb.europa.eu/stats/pdf/monetary/lm/liq_daily_2024.zip
2024-01-29,3524450.0,3524450.0,3524450.0,219595.0,3467200.0,162283.0,62.0,0.0,ok,ECB reported,https://www.ecb.europa.eu/stats/pdf/monetary/lm/liq_daily_2024.zip
2024-01-30,3505793.0,3505793.0,3505793.0,195737.0,3472446.0,162283.0,107.0,0.0,ok,ECB reported,https://www.ecb.europa.eu/stats/pdf/monetary/lm/liq_daily_2024.zip
2024-01-31,3487931.0,3487931.0,3487931.0,275641.0,3373742.0,161351.0,101.0,0.0,ok,ECB reported,https://www.ecb.europa.eu/stats/pdf/monetary/lm/liq_daily_2024.zip
2024-02-01,3515671.0,3515671.0,3515671.0,242816.0,3434236.0,161351.0,30.0,0.0,ok,ECB reported,https://www.ecb.europa.eu/stats/pdf/monetary/lm/liq_daily_2024.zip
2024-02-02,3515535.0,3515535.0,3515535.0,167824.0,3509062.0,161351.0,0.0,0.0,ok,ECB reported,https://www.ecb.europa.eu/stats/pdf/monetary/lm/liq_daily_2024.zip
2024-02-05,3510760.0,3510760.0,3510759.0,158920.0,3513193.0,161351.0,3.0,1.0,ok,ECB reported,https://www.ecb.europa.eu/stats/pdf/monetary/lm/liq_daily_2024.zip
2024-02-06,3502030.0,3502030.0,3502030.0,155243.0,3508138.0,161351.0,0.0,0.0,ok,ECB reported,https://www.ecb.europa.eu/stats/pdf/monetary/lm/liq_daily_2024.zip
2024-02-07,3494988.0,3494988.0,3494988.0,152323.0,3504016.0,161351.0,0.0,0.0,ok,ECB reported,https://www.ecb.europa.eu/stats/pdf/monetary/lm/liq_daily_2024.zip
2024-02-08,3494107.0,3494107.0,3494107.0,153791.0,3501667.0,161351.0,0.0,0.0,ok,ECB reported,https://www.ecb.europa.eu/stats/pdf/monetary/lm/liq_daily_2024.zip
2024-02-09,3494483.0,3494483.0,3494483.0,153842.0,3501992.0,161351.0,0.0,0.0,ok,ECB reported,https://www.ecb.europa.eu/stats/pdf/monetary/lm/liq_daily_2024.zip
2024-02-12,3491429.0,3491429.0,3491430.0,156677.0,3496104.0,161351.0,0.0,-1.0,ok,ECB reported,https://www.ecb.europa.eu/stats/pdf/monetary/lm/liq_daily_2024.zip
2024-02-13,3491325.0,3491325.0,3491325.0,155707.0,3497054.0,161351.0,85.0,0.0,ok,ECB reported,https://www.ecb.europa.eu/stats/pdf/monetary/lm/liq_daily_2024.zip
2024-02-14,3494080.0,3494080.0,3494079.0,151332.0,3504158.0,161351.0,60.0,1.0,ok,ECB reported,https://www.ecb.europa.eu/stats/pdf/monetary/lm/liq_daily_2024.zip
2024-02-15,3480051.0,3480051.0,3480052.0,149556.0,3491847.0,161351.0,0.0,-1.0,ok,ECB reported,https://www.ecb.europa.eu/stats/pdf/monetary/lm/liq_daily_2024.zip
2024-02-16,3478799.0,3478799.0,3478799.0,153948.0,3486233.0,161351.0,31.0,0.0,ok,ECB reported,https://www.ecb.europa.eu/stats/pdf/monetary/lm/liq_daily_2024.zip
2024-02-19,3484964.0,3484964.0,3484964.0,153531.0,3492789.0,161351.0,5.0,0.0,ok,ECB reported,https://www.ecb.europa.eu/stats/pdf/monetary/lm/liq_daily_2024.zip
2024-02-20,3477067.0,3477067.0,3477067.0,153004.0,3485434.0,161351.0,20.0,0.0,ok,ECB reported,https://www.ecb.europa.eu/stats/pdf/monetary/lm/liq_daily_2024.zip
2024-02-21,3512833.0,3512833.0,3512833.0,152869.0,3521315.0,161351.0,0.0,0.0,ok,ECB reported,https://www.ecb.europa.eu/stats/pdf/monetary/lm/liq_daily_2024.zip
2024-02-22,3514702.0,3514702.0,3514702.0,151478.0,3524575.0,161351.0,0.0,0.0,ok,ECB reported,https://www.ecb.europa.eu/stats/pdf/monetary/lm/liq_daily_2024.zip
2024-02-23,3517129.0,3517129.0,3517129.0,154539.0,3523986.0,161351.0,45.0,0.0,ok,ECB reported,https://www.ecb.europa.eu/stats/pdf/monetary/lm/liq_daily_2024.zip
2024-02-26,3505455.0,3505455.0,3505455.0,155979.0,3510877.0,161351.0,50.0,0.0,ok,ECB reported,https://www.ecb.europa.eu/stats/pdf/monetary/lm/liq_daily_2024.zip
2024-02-27,3495000.0,3495000.0,3495000.0,159541.0,3496970.0,161351.0,160.0,0.0,ok,ECB reported,https://www.ecb.europa.eu/stats/pdf/monetary/lm/liq_daily_2024.zip
2024-02-28,3490963.0,3490963.0,3490963.0,157359.0,3495036.0,161351.0,81.0,0.0,ok,ECB reported,https://www.ecb.europa.eu/stats/pdf/monetary/lm/liq_daily_2024.zip
2024-02-29,3459297.0,3459297.0,3459298.0,166994.0,3453800.0,161351.0,145.0,-1.0,ok,ECB reported,https://www.ecb.europa.eu/stats/pdf/monetary/lm/liq_daily_2024.zip
2024-03-01,3495625.0,3495625.0,3495625.0,163104.0,3493921.0,161351.0,49.0,0.0,ok,ECB reported,https://www.ecb.europa.eu/stats/pdf/monetary/lm/liq_daily_2024.zip
2024-03-02,3495625.0,3495625.0,,163104.0,,161351.0,,,not_cross_checked,ECB reported,https://www.ecb.europa.eu/stats/pdf/monetary/lm/liq_daily_2024.zip
2024-03-03,3495625.0,3495625.0,,163104.0,,161351.0,,,not_cross_checked,ECB reported,https://www.ecb.europa.eu/stats/pdf/monetary/lm/liq_daily_2024.zip
2024-03-04,3499402.0,3499402.0,3499402.0,161771.0,3498982.0,161351.0,0.0,0.0,ok,ECB reported,https://www.ecb.europa.eu/stats/pdf/monetary/lm/liq_daily_2024.zip
2024-03-05,3502056.0,3502056.0,3502056.0,163399.0,3500008.0,161351.0,0.0,0.0,ok,ECB reported,https://www.ecb.europa.eu/stats/pdf/monetary/lm/liq_daily_2024.zip
2024-03-06,3500176.0,3500176.0,3500176.0,178481.0,3483071.0,161351.0,25.0,0.0,ok,ECB reported,https://www.ecb.europa.eu/stats/pdf/monetary/lm/liq_daily_2024.zip
2024-03-07,3499153.0,3499153.0,3499152.0,178106.0,3482422.0,161351.0,25.0,1.0,ok,ECB reported,https://www.ecb.europa.eu/stats/pdf/monetary/lm/liq_daily_2024.zip
2024-03-08,3500727.0,3500727.0,3500726.0,197994.0,3464083.0,161351.0,0.0,1.0,ok,ECB reported,https://www.ecb.europa.eu/stats/pdf/monetary/lm/liq_daily_2024.zip
2024-03-11,3502533.0,3502533.0,3502533.0,229945.0,3433939.0,161351.0,0.0,0.0,ok,ECB reported,https://www.ecb.europa.eu/stats/pdf/monetary/lm/liq_daily_2024.zip
2024-03-12,3506916.0,3506916.0,3506916.0,192567.0,3475702.0,161351.0,2.0,0.0,ok,ECB reported,https://www.ecb.europa.eu/stats/pdf/monetary/lm/liq_daily_2024.zip
2024-03-13,3516777.0,3516777.0,3516777.0,271844.0,3406496.0,161563.0,0.0,0.0,ok,ECB reported,https://www.ecb.europa.eu/stats/pdf/monetary/lm/liq_daily_2024.zip
2024-03-14,3513395.0,3513395.0,3513395.0,195850.0,3479138.0,161563.0,30.0,0.0,ok,ECB reported,https://www.ecb.europa.eu/stats/pdf/monetary/lm/liq_daily_2024.zip
2024-03-15,3498451.0,3498451.0,3498450.0,156260.0,3503753.0,161563.0,0.0,1.0,ok,ECB reported,https://www.ecb.europa.eu/stats/pdf/monetary/lm/liq_daily_2024.zip
2024-03-16,3498451.0,3498451.0,,156260.0,,161563.0,,,not_cross_checked,ECB reported,https://www.ecb.europa.eu/stats/pdf/monetary/lm/liq_daily_2024.zip
2024-03-17,3498451.0,3498451.0,,156260.0,,161563.0,,,not_cross_checked,ECB reported,https://www.ecb.europa.eu/stats/pdf/monetary/lm/liq_daily_2024.zip
2024-03-18,3508080.0,3508080.0,3508080.0,158211.0,3511452.0,161563.0,20.0,0.0,ok,ECB reported,https://www.ecb.europa.eu/stats/pdf/monetary/lm/liq_daily_2024.zip
2024-03-19,3512930.0,3512930.0,3512930.0,150755.0,3523790.0,161563.0,52.0,0.0,ok,ECB reported,https://www.ecb.europa.eu/stats/pdf/monetary/lm/liq_daily_2024.zip
2024-03-20,3511689.0,3511689.0,3511689.0,148977.0,3524279.0,161563.0,4.0,0.0,ok,ECB reported,https://www.ecb.europa.eu/stats/pdf/monetary/lm/liq_daily_2024.zip
2024-03-21,3510878.0,3510878.0,3510878.0,151157.0,3521288.0,161563.0,4.0,0.0,ok,ECB reported,https://www.ecb.europa.eu/stats/pdf/monetary/lm/liq_daily_2024.zip
2024-03-22,3513628.0,3513628.0,3513628.0,150667.0,3524524.0,161563.0,0.0,0.0,ok,ECB reported,https://www.ecb.europa.eu/stats/pdf/monetary/lm/liq_daily_2024.zip
2024-03-23,3513628.0,3513628.0,,150667.0,,161563.0,,,not_cross_checked,ECB reported,https://www.ecb.europa.eu/stats/pdf/monetary/lm/liq_daily_2024.zip
2024-03-24,3513628.0,3513628.0,,150667.0,,161563.0,,,not_cross_checked,ECB reported,https://www.ecb.europa.eu/stats/pdf/monetary/lm/liq_daily_2024.zip
2024-03-25,3493594.0,3493594.0,3493593.0,151840.0,3503344.0,161563.0,28.0,1.0,ok,ECB reported,https://www.ecb.europa.eu/stats/pdf/monetary/lm/liq_daily_2024.zip
2024-03-26,3485411.0,3485411.0,3485410.0,152438.0,3494601.0,161563.0,66.0,1.0,ok,ECB reported,https://www.ecb.europa.eu/stats/pdf/monetary/lm/liq_daily_2024.zip
2024-03-27,3236432.0,3236432.0,3236432.0,156006.0,3242084.0,161563.0,95.0,0.0,ok,ECB reported,https://www.ecb.europa.eu/stats/pdf/monetary/lm/liq_daily_2024.zip
2024-03-28,3217960.0,3217960.0,3217960.0,169692.0,3209831.0,161563.0,0.0,0.0,ok,ECB reported,https://www.ecb.europa.eu/stats/pdf/monetary/lm/liq_daily_2024.zip
2024-03-29,3217960.0,3217960.0,3217960.0,169692.0,3209831.0,161563.0,0.0,0.0,ok,ECB reported,https://www.ecb.europa.eu/stats/pdf/monetary/lm/liq_daily_2024.zip
2024-03-30,3217960.0,3217960.0,,169692.0,,161563.0,,,not_cross_checked,ECB reported,https://www.ecb.europa.eu/stats/pdf/monetary/lm/liq_daily_2024.zip
2024-03-31,3217960.0,3217960.0,,169692.0,,161563.0,,,not_cross_checked,ECB reported,https://www.ecb.europa.eu/stats/pdf/monetary/lm/liq_daily_2024.zip
2024-04-01,3217960.0,3217960.0,3217960.0,169692.0,3209831.0,161563.0,0.0,0.0,ok,ECB reported,https://www.ecb.europa.eu/stats/pdf/monetary/lm/liq_daily_2024.zip
2024-04-02,3226516.0,3226516.0,3226517.0,159108.0,3229024.0,161563.0,52.0,-1.0,ok,ECB reported,https://www.ecb.europa.eu/stats/pdf/monetary/lm/liq_daily_2024.zip
2024-04-03,3232626.0,3232626.0,3232626.0,154843.0,3239401.0,161563.0,55.0,0.0,ok,ECB reported,https://www.ecb.europa.eu/stats/pdf/monetary/lm/liq_daily_2024.zip
2024-04-04,3244024.0,3244024.0,3244024.0,155911.0,3249680.0,161563.0,4.0,0.0,ok,ECB reported,https://www.ecb.europa.eu/stats/pdf/monetary/lm/liq_daily_2024.zip
2024-04-05,3230427.0,3230427.0,3230427.0,161699.0,3230291.0,161563.0,0.0,0.0,ok,ECB reported,https://www.ecb.europa.eu/stats/pdf/monetary/lm/liq_daily_2024.zip
2024-04-08,3238117.0,3238117.0,3238117.0,156767.0,3242913.0,161563.0,0.0,0.0,ok,ECB reported,https://www.ecb.europa.eu/stats/pdf/monetary/lm/liq_daily_2024.zip
2024-04-09,3242203.0,3242203.0,3242204.0,155997.0,3247770.0,161563.0,0.0,-1.0,ok,ECB reported,https://www.ecb.europa.eu/stats/pdf/monetary/lm/liq_daily_2024.zip
2024-04-10,3254914.0,3254914.0,3254913.0,156193.0,3260287.0,161563.0,4.0,1.0,ok,ECB reported,https://www.ecb.europa.eu/stats/pdf/monetary/lm/liq_daily_2024.zip
2024-04-11,3255896.0,3255896.0,3255896.0,163311.0,3254158.0,161563.0,10.0,0.0,ok,ECB reported,https://www.ecb.europa.eu/stats/pdf/monetary/lm/liq_daily_2024.zip
2024-04-12,3255174.0,3255174.0,3255174.0,185531.0,3231206.0,161563.0,0.0,0.0,ok,ECB reported,https://www.ecb.europa.eu/stats/pdf/monetary/lm/liq_daily_2024.zip
2024-04-15,3247337.0,3247337.0,3247336.0,239828.0,3169076.0,161563.0,5.0,1.0,ok,ECB reported,https://www.ecb.europa.eu/stats/pdf/monetary/lm/liq_daily_2024.zip
2024-04-16,3250391.0,3250391.0,3250392.0,202686.0,3209293.0,161563.0,24.0,-1.0,ok,ECB reported,https://www.ecb.europa.eu/stats/pdf/monetary/lm/liq_daily_2024.zip
2024-04-17,3252271.0,3252271.0,3252271.0,281760.0,3131792.0,161279.0,2.0,0.0,ok,ECB reported,https://www.ecb.europa.eu/stats/pdf/monetary/lm/liq_daily_2024.zip
2024-04-18,3250255.0,3250255.0,3250255.0,219929.0,3191610.0,161279.0,5.0,0.0,ok,ECB reported,https://www.ecb.europa.eu/stats/pdf/monetary/lm/liq_daily_2024.zip
2024-04-19,3253965.0,3253965.0,3253964.0,169998.0,3245248.0,161279.0,3.0,1.0,ok,ECB reported,https://www.ecb.europa.eu/stats/pdf/monetary/lm/liq_daily_2024.zip
2024-04-20,3253965.0,3253965.0,,169998.0,,161279.0,,,not_cross_checked,ECB reported,https://www.ecb.europa.eu/stats/pdf/monetary/lm/liq_daily_2024.zip
2024-04-21,3253965.0,3253965.0,,169998.0,,161279.0,,,not_cross_checked,ECB reported,https://www.ecb.europa.eu/stats/pdf/monetary/lm/liq_daily_2024.zip
2024-04-22,3260120.0,3260120.0,3260120.0,155154.0,3266245.0,161279.0,0.0,0.0,ok,ECB reported,https://www.ecb.europa.eu/stats/pdf/monetary/lm/liq_daily_2024.zip
2024-04-23,3270354.0,3270354.0,3270353.0,154132.0,3277501.0,161279.0,1.0,1.0,ok,ECB reported,https://www.ecb.europa.eu/stats/pdf/monetary/lm/liq_daily_2024.zip
2024-04-24,3270758.0,3270758.0,3270757.0,157524.0,3274527.0,161279.0,15.0,1.0,ok,ECB reported,https://www.ecb.europa.eu/stats/pdf/monetary/lm/liq_daily_2024.zip
2024-04-25,3259408.0,3259408.0,3259407.0,161024.0,3259667.0,161279.0,5.0,1.0,ok,ECB reported,https://www.ecb.europa.eu/stats/pdf/monetary/lm/liq_daily_2024.zip
2024-04-26,3254946.0,3254946.0,3254946.0,153676.0,3262577.0,161279.0,28.0,0.0,ok,ECB reported,https://www.ecb.europa.eu/stats/pdf/monetary/lm/liq_daily_2024.zip
2024-04-27,3254946.0,3254946.0,,153676.0,,161279.0,,,not_cross_checked,ECB reported,https://www.ecb.europa.eu/stats/pdf/monetary/lm/liq_daily_2024.zip
2024-04-28,3254946.0,3254946.0,,153676.0,,161279.0,,,not_cross_checked,ECB reported,https://www.ecb.europa.eu/stats/pdf/monetary/lm/liq_daily_2024.zip
2024-04-29,3235512.0,3235512.0,3235512.0,164667.0,3232128.0,161279.0,4.0,0.0,ok,ECB reported,https://www.ecb.europa.eu/stats/pdf/monetary/lm/liq_daily_2024.zip
2024-04-30,3208676.0,3208676.0,3208676.0,163980.0,3205975.0,161279.0,0.0,0.0,ok,ECB reported,https://www.ecb.europa.eu/stats/pdf/monetary/lm/liq_daily_2024.zip
2024-05-01,3208676.0,3208676.0,3208676.0,163980.0,3205975.0,161279.0,0.0,0.0,ok,ECB reported,https://www.ecb.europa.eu/stats/pdf/monetary/lm/liq_daily_2024.zip
2024-05-02,3230110.0,3230110.0,3230110.0,163811.0,3227589.0,161279.0,11.0,0.0,ok,ECB reported,https://www.ecb.europa.eu/stats/pdf/monetary/lm/liq_daily_2024.zip
2024-05-03,3229734.0,3229734.0,3229733.0,153162.0,3237850.0,161279.0,0.0,1.0,ok,ECB reported,https://www.ecb.europa.eu/stats/pdf/monetary/lm/liq_daily_2024.zip
2024-05-04,3229734.0,3229734.0,,153162.0,,161279.0,,,not_cross_checked,ECB reported,https://www.ecb.europa.eu/stats/pdf/monetary/lm/liq_daily_2024.zip
2024-05-05,3229734.0,3229734.0,,153162.0,,161279.0,,,not_cross_checked,ECB reported,https://www.ecb.europa.eu/stats/pdf/monetary/lm/liq_daily_2024.zip
2024-05-06,3233789.0,3233789.0,3233788.0,153991.0,3241076.0,161279.0,0.0,1.0,ok,ECB reported,https://www.ecb.europa.eu/stats/pdf/monetary/lm/liq_daily_2024.zip
2024-05-07,3237013.0,3237013.0,3237014.0,148160.0,3250133.0,161279.0,0.0,-1.0,ok,ECB reported,https://www.ecb.europa.eu/stats/pdf/monetary/lm/liq_daily_2024.zip
2024-05-08,3237891.0,3237891.0,3237890.0,153368.0,3245801.0,161279.0,0.0,1.0,ok,ECB reported,https://www.ecb.europa.eu/stats/pdf/monetary/lm/liq_daily_2024.zip
2024-05-09,3238770.0,3238770.0,3238769.0,184995.0,3215059.0,161279.0,6.0,1.0,ok,ECB reported,https://www.ecb.europa.eu/stats/pdf/monetary/lm/liq_daily_2024.zip
2024-05-10,3237710.0,3237710.0,3237709.0,152643.0,3246345.0,161279.0,0.0,1.0,ok,ECB reported,https://www.ecb.europa.eu/stats/pdf/monetary/lm/liq_daily_2024.zip
2024-05-11,3237710.0,3237710.0,,152643.0,,161279.0,,,not_cross_checked,ECB reported,https://www.ecb.europa.eu/stats/pdf/monetary/lm/liq_daily_2024.zip
2024-05-12,3237710.0,3237710.0,,152643.0,,161279.0,,,not_cross_checked,ECB reported,https://www.ecb.europa.eu/stats/pdf/monetary/lm/liq_daily_2024.zip
2024-05-13,3232482.0,3232482.0,3232482.0,148901.0,3244860.0,161279.0,0.0,0.0,ok,ECB reported,https://www.ecb.europa.eu/stats/pdf/monetary/lm/liq_daily_2024.zip
2024-05-14,3242259.0,3242259.0,3242258.0,157693.0,3245844.0,161279.0,0.0,1.0,ok,ECB reported,https://www.ecb.europa.eu/stats/pdf/monetary/lm/liq_daily_2024.zip
2024-05-15,3210375.0,3210375.0,3210374.0,147840.0,3223813.0,161279.0,0.0,1.0,ok,ECB reported,https://www.ecb.europa.eu/stats/pdf/monetary/lm/liq_daily_2024.zip
2024-05-16,3213181.0,3213181.0,3213180.0,149787.0,3224672.0,161279.0,0.0,1.0,ok,ECB reported,https://www.ecb.europa.eu/stats/pdf/monetary/lm/liq_daily_2024.zip
2024-05-17,3215528.0,3215528.0,3215527.0,152034.0,3224772.0,161279.0,0.0,1.0,ok,ECB reported,https://www.ecb.europa.eu/stats/pdf/monetary/lm/liq_daily_2024.zip
2024-05-18,3215528.0,3215528.0,,152034.0,,161279.0,,,not_cross_checked,ECB reported,https://www.ecb.europa.eu/stats/pdf/monetary/lm/liq_daily_2024.zip
2024-05-19,3215528.0,3215528.0,,152034.0,,161279.0,,,not_cross_checked,ECB reported,https://www.ecb.europa.eu/stats/pdf/monetary/lm/liq_daily_2024.zip
2024-05-20,3211581.0,3211581.0,3211580.0,180305.0,3192554.0,161279.0,0.0,1.0,ok,ECB reported,https://www.ecb.europa.eu/stats/pdf/monetary/lm/liq_daily_2024.zip
2024-05-21,3198038.0,3198038.0,3198037.0,150722.0,3208594.0,161279.0,0.0,1.0,ok,ECB reported,https://www.ecb.europa.eu/stats/pdf/monetary/lm/liq_daily_2024.zip
2024-05-22,3204675.0,3204675.0,3204674.0,152450.0,3213503.0,161279.0,0.0,1.0,ok,ECB reported,https://www.ecb.europa.eu/stats/pdf/monetary/lm/liq_daily_2024.zip
2024-05-23,3211330.0,3211330.0,3211330.0,149698.0,3222911.0,161279.0,0.0,0.0,ok,ECB reported,https://www.ecb.europa.eu/stats/pdf/monetary/lm/liq_daily_2024.zip
2024-05-24,3211552.0,3211552.0,3211551.0,151932.0,3220898.0,161279.0,0.0,1.0,ok,ECB reported,https://www.ecb.europa.eu/stats/pdf/monetary/lm/liq_daily_2024.zip
2024-05-25,3211552.0,3211552.0,,151932.0,,161279.0,,,not_cross_checked,ECB reported,https://www.ecb.europa.eu/stats/pdf/monetary/lm/liq_daily_2024.zip
2024-05-26,3211552.0,3211552.0,,151932.0,,161279.0,,,not_cross_checked,ECB reported,https://www.ecb.europa.eu/stats/pdf/monetary/lm/liq_daily_2024.zip
2024-05-27,3184142.0,3184142.0,3184142.0,154882.0,3190539.0,161279.0,0.0,0.0,ok,ECB reported,https://www.ecb.europa.eu/stats/pdf/monetary/lm/liq_daily_2024.zip
2024-05-28,3185657.0,3185657.0,3185657.0,156859.0,3190087.0,161279.0,10.0,0.0,ok,ECB reported,https://www.ecb.europa.eu/stats/pdf/monetary/lm/liq_daily_2024.zip
2024-05-29,3178028.0,3178028.0,3178028.0,154887.0,3184428.0,161279.0,8.0,0.0,ok,ECB reported,https://www.ecb.europa.eu/stats/pdf/monetary/lm/liq_daily_2024.zip
2024-05-30,3168126.0,3168126.0,3168125.0,173069.0,3156340.0,161279.0,5.0,1.0,ok,ECB reported,https://www.ecb.europa.eu/stats/pdf/monetary/lm/liq_daily_2024.zip
2024-05-31,3160883.0,3160883.0,3160883.0,168684.0,3153478.0,161279.0,0.0,0.0,ok,ECB reported,https://www.ecb.europa.eu/stats/pdf/monetary/lm/liq_daily_2024.zip
2024-06-03,3180159.0,3180159.0,3180158.0,165535.0,3175902.0,161279.0,0.0,1.0,ok,ECB reported,https://www.ecb.europa.eu/stats/pdf/monetary/lm/liq_daily_2024.zip
2024-06-04,3197525.0,3197525.0,3197524.0,185854.0,3172949.0,161279.0,0.0,1.0,ok,ECB reported,https://www.ecb.europa.eu/stats/pdf/monetary/lm/liq_daily_2024.zip
2024-06-05,3208976.0,3208976.0,3208976.0,183221.0,3187035.0,161279.0,1.0,0.0,ok,ECB reported,https://www.ecb.europa.eu/stats/pdf/monetary/lm/liq_daily_2024.zip
2024-06-06,3202023.0,3202023.0,3202022.0,184500.0,3178818.0,161279.0,17.0,1.0,ok,ECB reported,https://www.ecb.europa.eu/stats/pdf/monetary/lm/liq_daily_2024.zip
2024-06-07,3188679.0,3188679.0,3188679.0,196874.0,3153084.0,161279.0,0.0,0.0,ok,ECB reported,https://www.ecb.europa.eu/stats/pdf/monetary/lm/liq_daily_2024.zip
2024-06-10,3202044.0,3202044.0,3202044.0,234529.0,3128794.0,161279.0,0.0,0.0,ok,ECB reported,https://www.ecb.europa.eu/stats/pdf/monetary/lm/liq_daily_2024.zip
2024-06-11,3200448.0,3200448.0,3200447.0,179977.0,3181751.0,161279.0,2.0,1.0,ok,ECB reported,https://www.ecb.europa.eu/stats/pdf/monetary/lm/liq_daily_2024.zip
2024-06-12,3194487.0,3194487.0,3194487.0,265878.0,3090545.0,161936.0,0.0,0.0,ok,ECB reported,https://www.ecb.europa.eu/stats/pdf/monetary/lm/liq_daily_2024.zip
2024-06-13,3194585.0,3194585.0,3194586.0,199468.0,3157054.0,161936.0,0.0,-1.0,ok,ECB reported,https://www.ecb.europa.eu/stats/pdf/monetary/lm/liq_daily_2024.zip
2024-06-14,3189741.0,3189741.0,3189742.0,173731.0,3177947.0,161936.0,0.0,-1.0,ok,ECB reported,https://www.ecb.europa.eu/stats/pdf/monetary/lm/liq_daily_2024.zip
2024-06-15,3189741.0,3189741.0,,173731.0,,161936.0,,,not_cross_checked,ECB reported,https://www.ecb.europa.eu/stats/pdf/monetary/lm/liq_daily_2024.zip
2024-06-16,3189741.0,3189741.0,,173731.0,,161936.0,,,not_cross_checked,ECB reported,https://www.ecb.europa.eu/stats/pdf/monetary/lm/liq_daily_2024.zip
2024-06-17,3191572.0,3191572.0,3191572.0,153360.0,3200148.0,161936.0,0.0,0.0,ok,ECB reported,https://www.ecb.europa.eu/stats/pdf/monetary/lm/liq_daily_2024.zip
2024-06-18,3190575.0,3190575.0,3190575.0,154101.0,3198411.0,161936.0,1.0,0.0,ok,ECB reported,https://www.ecb.europa.eu/stats/pdf/monetary/lm/liq_daily_2024.zip
2024-06-19,3191816.0,3191816.0,3191817.0,153937.0,3199821.0,161936.0,5.0,-1.0,ok,ECB reported,https://www.ecb.europa.eu/stats/pdf/monetary/lm/liq_daily_2024.zip
2024-06-20,3186517.0,3186517.0,3186517.0,153598.0,3194860.0,161936.0,5.0,0.0,ok,ECB reported,https://www.ecb.europa.eu/stats/pdf/monetary/lm/liq_daily_2024.zip
2024-06-21,3183108.0,3183108.0,3183108.0,152276.0,3192768.0,161936.0,0.0,0.0,ok,ECB reported,https://www.ecb.europa.eu/stats/pdf/monetary/lm/liq_daily_2024.zip
2024-06-22,3183108.0,3183108.0,,152276.0,,161936.0,,,not_cross_checked,ECB reported,https://www.ecb.europa.eu/stats/pdf/monetary/lm/liq_daily_2024.zip
2024-06-23,3183108.0,3183108.0,,152276.0,,161936.0,,,not_cross_checked,ECB reported,https://www.ecb.europa.eu/stats/pdf/monetary/lm/liq_daily_2024.zip
2024-06-24,3170085.0,3170085.0,3170085.0,156956.0,3175066.0,161936.0,1.0,0.0,ok,ECB reported,https://www.ecb.europa.eu/stats/pdf/monetary/lm/liq_daily_2024.zip
2024-06-25,3169892.0,3169892.0,3169892.0,152320.0,3179509.0,161936.0,1.0,0.0,ok,ECB reported,https://www.ecb.europa.eu/stats/pdf/monetary/lm/liq_daily_2024.zip
2024-06-26,3098285.0,3098285.0,3098286.0,152038.0,3108216.0,161936.0,32.0,-1.0,ok,ECB reported,https://www.ecb.europa.eu/stats/pdf/monetary/lm/liq_daily_2024.zip
2024-06-27,3084810.0,3084810.0,3084810.0,154656.0,3092090.0,161936.0,0.0,0.0,ok,ECB reported,https://www.ecb.europa.eu/stats/pdf/monetary/lm/liq_daily_2024.zip
2024-06-28,3075485.0,3075485.0,3075485.0,170172.0,3067314.0,161936.0,65.0,0.0,ok,ECB reported,https://www.ecb.europa.eu/stats/pdf/monetary/lm/liq_daily_2024.zip
2024-06-29,3075485.0,3075485.0,,170172.0,,161936.0,,,not_cross_checked,ECB reported,https://www.ecb.europa.eu/stats/pdf/monetary/lm/liq_daily_2024.zip
2024-06-30,3075485.0,3075485.0,,170172.0,,161936.0,,,not_cross_checked,ECB reported,https://www.ecb.europa.eu/stats/pdf/monetary/lm/liq_daily_2024.zip
2024-07-01,3085872.0,3085872.0,3085873.0,164679.0,3083130.0,161936.0,0.0,-1.0,ok,ECB reported,https://www.ecb.europa.eu/stats/pdf/monetary/lm/liq_daily_2024.zip
2024-07-02,3093802.0,3093802.0,3093803.0,153055.0,3102734.0,161936.0,50.0,-1.0,ok,ECB reported,https://www.ecb.europa.eu/stats/pdf/monetary/lm/liq_daily_2024.zip
2024-07-03,3098447.0,3098447.0,3098447.0,154183.0,3106235.0,161936.0,35.0,0.0,ok,ECB reported,https://www.ecb.europa.eu/stats/pdf/monetary/lm/liq_daily_2024.zip
2024-07-04,3091434.0,3091434.0,3091435.0,155164.0,3098262.0,161936.0,55.0,-1.0,ok,ECB reported,https://www.ecb.europa.eu/stats/pdf/monetary/lm/liq_daily_2024.zip
2024-07-05,3093174.0,3093174.0,3093174.0,160841.0,3094320.0,161936.0,51.0,0.0,ok,ECB reported,https://www.ecb.europa.eu/stats/pdf/monetary/lm/liq_daily_2024.zip
2024-07-06,3093174.0,3093174.0,,160841.0,,161936.0,,,not_cross_checked,ECB reported,https://www.ecb.europa.eu/stats/pdf/monetary/lm/liq_daily_2024.zip
2024-07-07,3093174.0,3093174.0,,160841.0,,161936.0,,,not_cross_checked,ECB reported,https://www.ecb.europa.eu/stats/pdf/monetary/lm/liq_daily_2024.zip
2024-07-08,3097092.0,3097092.0,3097092.0,154368.0,3104694.0,161936.0,34.0,0.0,ok,ECB reported,https://www.ecb.europa.eu/stats/pdf/monetary/lm/liq_daily_2024.zip
2024-07-09,3102313.0,3102313.0,3102313.0,153461.0,3110811.0,161936.0,23.0,0.0,ok,ECB reported,https://www.ecb.europa.eu/stats/pdf/monetary/lm/liq_daily_2024.zip
2024-07-10,3104129.0,3104129.0,3104130.0,152691.0,3113375.0,161936.0,0.0,-1.0,ok,ECB reported,https://www.ecb.europa.eu/stats/pdf/monetary/lm/liq_daily_2024.zip
2024-07-11,3103712.0,3103712.0,3103712.0,165283.0,3100365.0,161936.0,0.0,0.0,ok,ECB reported,https://www.ecb.europa.eu/stats/pdf/monetary/lm/liq_daily_2024.zip
2024-07-12,3098463.0,3098463.0,3098463.0,153988.0,3106413.0,161936.0,2.0,0.0,ok,ECB reported,https://www.ecb.europa.eu/stats/pdf/monetary/lm/liq_daily_2024.zip
2024-07-13,3098463.0,3098463.0,,153988.0,,161936.0,,,not_cross_checked,ECB reported,https://www.ecb.europa.eu/stats/pdf/monetary/lm/liq_daily_2024.zip
2024-07-14,3098463.0,3098463.0,,153988.0,,161936.0,,,not_cross_checked,ECB reported,https://www.ecb.europa.eu/stats/pdf/monetary/lm/liq_daily_2024.zip
2024-07-15,3085757.0,3085757.0,3085757.0,156363.0,3091350.0,161936.0,20.0,0.0,ok,ECB reported,https://www.ecb.europa.eu/stats/pdf/monetary/lm/liq_daily_2024.zip
2024-07-16,3076952.0,3076952.0,3076952.0,159915.0,3078993.0,161936.0,20.0,0.0,ok,ECB reported,https://www.ecb.europa.eu/stats/pdf/monetary/lm/liq_daily_2024.zip
2024-07-17,3070921.0,3070921.0,3070921.0,163542.0,3069315.0,161936.0,0.0,0.0,ok,ECB reported,https://www.ecb.europa.eu/stats/pdf/monetary/lm/liq_daily_2024.zip
2024-07-18,3069532.0,3069532.0,3069532.0,185271.0,3046197.0,161936.0,0.0,0.0,ok,ECB reported,https://www.ecb.europa.eu/stats/pdf/monetary/lm/liq_daily_2024.zip
2024-07-19,3061494.0,3061494.0,3061494.0,192274.0,3031156.0,161936.0,0.0,0.0,ok,ECB reported,https://www.ecb.europa.eu/stats/pdf/monetary/lm/liq_daily_2024.zip
2024-07-20,3061494.0,3061494.0,,192274.0,,161936.0,,,not_cross_checked,ECB reported,https://www.ecb.europa.eu/stats/pdf/monetary/lm/liq_daily_2024.zip
2024-07-21,3061494.0,3061494.0,,192274.0,,161936.0,,,not_cross_checked,ECB reported,https://www.ecb.europa.eu/stats/pdf/monetary/lm/liq_daily_2024.zip
2024-07-22,3076099.0,3076099.0,3076099.0,238381.0,2999654.0,161936.0,0.0,0.0,ok,ECB reported,https://www.ecb.europa.eu/stats/pdf/monetary/lm/liq_daily_2024.zip
2024-07-23,3080570.0,3080570.0,3080571.0,198461.0,3044111.0,161936.0,65.0,-1.0,ok,ECB reported,https://www.ecb.europa.eu/stats/pdf/monetary/lm/liq_daily_2024.zip
2024-07-24,3079110.0,3079110.0,3079109.0,246067.0,2995369.0,162202.0,125.0,1.0,ok,ECB reported,https://www.ecb.europa.eu/stats/pdf/monetary/lm/liq_daily_2024.zip
2024-07-25,3067873.0,3067873.0,3067873.0,247968.0,2982157.0,162202.0,50.0,0.0,ok,ECB reported,https://www.ecb.europa.eu/stats/pdf/monetary/lm/liq_daily_2024.zip
2024-07-26,3056306.0,3056306.0,3056306.0,186434.0,3032074.0,162202.0,0.0,0.0,ok,ECB reported,https://www.ecb.europa.eu/stats/pdf/monetary/lm/liq_daily_2024.zip
2024-07-27,3056306.0,3056306.0,,186434.0,,162202.0,,,not_cross_checked,ECB reported,https://www.ecb.europa.eu/stats/pdf/monetary/lm/liq_daily_2024.zip
2024-07-28,3056306.0,3056306.0,,186434.0,,162202.0,,,not_cross_checked,ECB reported,https://www.ecb.europa.eu/stats/pdf/monetary/lm/liq_daily_2024.zip
2024-07-29,3068148.0,3068148.0,3068148.0,164834.0,3065516.0,162202.0,0.0,0.0,ok,ECB reported,https://www.ecb.europa.eu/stats/pdf/monetary/lm/liq_daily_2024.zip
2024-07-30,3049332.0,3049332.0,3049332.0,161484.0,3050050.0,162202.0,0.0,0.0,ok,ECB reported,https://www.ecb.europa.eu/stats/pdf/monetary/lm/liq_daily_2024.zip
2024-07-31,3041962.0,3041962.0,3041962.0,177896.0,3026268.0,162202.0,0.0,0.0,ok,ECB reported,https://www.ecb.europa.eu/stats/pdf/monetary/lm/liq_daily_2024.zip
2024-08-01,3064945.0,3064945.0,3064945.0,161567.0,3065580.0,162202.0,0.0,0.0,ok,ECB reported,https://www.ecb.europa.eu/stats/pdf/monetary/lm/liq_daily_2024.zip
2024-08-02,3062543.0,3062543.0,3062543.0,159685.0,3065060.0,162202.0,0.0,0.0,ok,ECB reported,https://www.ecb.europa.eu/stats/pdf/monetary/lm/liq_daily_2024.zip
2024-08-05,3071492.0,3071492.0,3071492.0,159500.0,3074194.0,162202.0,0.0,0.0,ok,ECB reported,https://www.ecb.europa.eu/stats/pdf/monetary/lm/liq_daily_2024.zip
2024-08-06,3079837.0,3079837.0,3079837.0,154190.0,3087860.0,162202.0,11.0,0.0,ok,ECB reported,https://www.ecb.europa.eu/stats/pdf/monetary/lm/liq_daily_2024.zip
2024-08-07,3081334.0,3081334.0,3081334.0,156278.0,3087265.0,162202.0,7.0,0.0,ok,ECB reported,https://www.ecb.europa.eu/stats/pdf/monetary/lm/liq_daily_2024.zip
2024-08-08,3080742.0,3080742.0,3080742.0,155608.0,3087336.0,162202.0,0.0,0.0,ok,ECB reported,https://www.ecb.europa.eu/stats/pdf/monetary/lm/liq_daily_2024.zip
2024-08-09,3081980.0,3081980.0,3081980.0,156963.0,3087219.0,162202.0,0.0,0.0,ok,ECB reported,https://www.ecb.europa.eu/stats/pdf/monetary/lm/liq_daily_2024.zip
2024-08-12,3085572.0,3085572.0,3085572.0,184402.0,3063372.0,162202.0,0.0,0.0,ok,ECB reported,https://www.ecb.europa.eu/stats/pdf/monetary/lm/liq_daily_2024.zip
2024-08-13,3093429.0,3093429.0,3093429.0,154778.0,3100853.0,162202.0,0.0,0.0,ok,ECB reported,https://www.ecb.europa.eu/stats/pdf/monetary/lm/liq_daily_2024.zip
2024-08-14,3081868.0,3081868.0,3081867.0,153538.0,3090531.0,162202.0,0.0,1.0,ok,ECB reported,https://www.ecb.europa.eu/stats/pdf/monetary/lm/liq_daily_2024.zip
2024-08-15,3068259.0,3068259.0,3068258.0,172925.0,3057535.0,162202.0,0.0,1.0,ok,ECB reported,https://www.ecb.europa.eu/stats/pdf/monetary/lm/liq_daily_2024.zip
2024-08-16,3070685.0,3070685.0,3070685.0,154966.0,3077921.0,162202.0,0.0,0.0,ok,ECB reported,https://www.ecb.europa.eu/stats/pdf/monetary/lm/liq_daily_2024.zip
2024-08-19,3070979.0,3070979.0,3070979.0,151367.0,3081817.0,162202.0,3.0,0.0,ok,ECB reported,https://www.ecb.europa.eu/stats/pdf/monetary/lm/liq_daily_2024.zip
2024-08-20,3077121.0,3077121.0,3077121.0,155651.0,3083690.0,162202.0,18.0,0.0,ok,ECB reported,https://www.ecb.europa.eu/stats/pdf/monetary/lm/liq_daily_2024.zip
2024-08-21,3076831.0,3076831.0,3076831.0,154075.0,3084958.0,162202.0,0.0,0.0,ok,ECB reported,https://www.ecb.europa.eu/stats/pdf/monetary/lm/liq_daily_2024.zip
2024-08-22,3065389.0,3065389.0,3065389.0,154019.0,3073572.0,162202.0,0.0,0.0,ok,ECB reported,https://www.ecb.europa.eu/stats/pdf/monetary/lm/liq_daily_2024.zip
2024-08-23,3070615.0,3070615.0,3070616.0,156035.0,3076786.0,162202.0,3.0,-1.0,ok,ECB reported,https://www.ecb.europa.eu/stats/pdf/monetary/lm/liq_daily_2024.zip
2024-08-26,3074603.0,3074603.0,3074603.0,156949.0,3079867.0,162202.0,11.0,0.0,ok,ECB reported,https://www.ecb.europa.eu/stats/pdf/monetary/lm/liq_daily_2024.zip
2024-08-27,3073789.0,3073789.0,3073789.0,155489.0,3080512.0,162202.0,10.0,0.0,ok,ECB reported,https://www.ecb.europa.eu/stats/pdf/monetary/lm/liq_daily_2024.zip
2024-08-28,3071783.0,3071783.0,3071783.0,155765.0,3078331.0,162202.0,111.0,0.0,ok,ECB reported,https://www.ecb.europa.eu/stats/pdf/monetary/lm/liq_daily_2024.zip
2024-08-29,3068806.0,3068806.0,3068806.0,159840.0,3071170.0,162202.0,2.0,0.0,ok,ECB reported,https://www.ecb.europa.eu/stats/pdf/monetary/lm/liq_daily_2024.zip
2024-08-30,3043492.0,3043492.0,3043492.0,167278.0,3038416.0,162202.0,0.0,0.0,ok,ECB reported,https://www.ecb.europa.eu/stats/pdf/monetary/lm/liq_daily_2024.zip
2024-09-02,3057853.0,3057853.0,3057853.0,161507.0,3058548.0,162202.0,0.0,0.0,ok,ECB reported,https://www.ecb.europa.eu/stats/pdf/monetary/lm/liq_daily_2024.zip
2024-09-03,3057345.0,3057345.0,3057344.0,157574.0,3061972.0,162202.0,0.0,1.0,ok,ECB reported,https://www.ecb.europa.eu/stats/pdf/monetary/lm/liq_daily_2024.zip
2024-09-04,3056961.0,3056961.0,3056961.0,158754.0,3060409.0,162202.0,0.0,0.0,ok,ECB reported,https://www.ecb.europa.eu/stats/pdf/monetary/lm/liq_daily_2024.zip
2024-09-05,3055156.0,3055156.0,3055156.0,155982.0,3061376.0,162202.0,0.0,0.0,ok,ECB reported,https://www.ecb.europa.eu/stats/pdf/monetary/lm/liq_daily_2024.zip
2024-09-06,3054306.0,3054306.0,3054306.0,155615.0,3060893.0,162202.0,0.0,0.0,ok,ECB reported,https://www.ecb.europa.eu/stats/pdf/monetary/lm/liq_daily_2024.zip
2024-09-09,3060707.0,3060707.0,3060706.0,160938.0,3061972.0,162202.0,2.0,1.0,ok,ECB reported,https://www.ecb.europa.eu/stats/pdf/monetary/lm/liq_daily_2024.zip
2024-09-10,3067253.0,3067253.0,3067252.0,157201.0,3072254.0,162202.0,1.0,1.0,ok,ECB reported,https://www.ecb.europa.eu/stats/pdf/monetary/lm/liq_daily_2024.zip
2024-09-11,3072003.0,3072003.0,3072002.0,179607.0,3054597.0,162202.0,0.0,1.0,ok,ECB reported,https://www.ecb.europa.eu/stats/pdf/monetary/lm/liq_daily_2024.zip
2024-09-12,3067116.0,3067116.0,3067116.0,200480.0,3028839.0,162202.0,1.0,0.0,ok,ECB reported,https://www.ecb.europa.eu/stats/pdf/monetary/lm/liq_daily_2024.zip
2024-09-13,3058709.0,3058709.0,3058709.0,204626.0,3016311.0,162202.0,26.0,0.0,ok,ECB reported,https://www.ecb.europa.eu/stats/pdf/monetary/lm/liq_daily_2024.zip
2024-09-16,3052399.0,3052399.0,3052398.0,238060.0,2976540.0,162202.0,0.0,1.0,ok,ECB reported,https://www.ecb.europa.eu/stats/pdf/monetary/lm/liq_daily_2024.zip
2024-09-17,3048347.0,3048347.0,3048347.0,192940.0,3017613.0,162202.0,4.0,0.0,ok,ECB reported,https://www.ecb.europa.eu/stats/pdf/monetary/lm/liq_daily_2024.zip
2024-09-18,3027076.0,3027076.0,3027077.0,252890.0,2937127.0,162940.0,0.0,-1.0,ok,ECB reported,https://www.ecb.europa.eu/stats/pdf/monetary/lm/liq_daily_2024.zip
2024-09-19,3033142.0,3033142.0,3033142.0,199521.0,2996611.0,162940.0,50.0,0.0,ok,ECB reported,https://www.ecb.europa.eu/stats/pdf/monetary/lm/liq_daily_2024.zip
2024-09-20,3036919.0,3036919.0,3036919.0,168435.0,3031442.0,162940.0,18.0,0.0,ok,ECB reported,https://www.ecb.europa.eu/stats/pdf/monetary/lm/liq_daily_2024.zip
2024-09-23,3042940.0,3042940.0,3042940.0,160223.0,3045667.0,162940.0,10.0,0.0,ok,ECB reported,https://www.ecb.europa.eu/stats/pdf/monetary/lm/liq_daily_2024.zip
2024-09-24,3047631.0,3047631.0,3047631.0,155579.0,3055006.0,162940.0,14.0,0.0,ok,ECB reported,https://www.ecb.europa.eu/stats/pdf/monetary/lm/liq_daily_2024.zip
2024-09-25,2997062.0,2997062.0,2997063.0,155016.0,3004987.0,162940.0,0.0,-1.0,ok,ECB reported,https://www.ecb.europa.eu/stats/pdf/monetary/lm/liq_daily_2024.zip
2024-09-26,2989971.0,2989971.0,2989971.0,153980.0,2999133.0,162940.0,202.0,0.0,ok,ECB reported,https://www.ecb.europa.eu/stats/pdf/monetary/lm/liq_daily_2024.zip
2024-09-27,2984052.0,2984052.0,2984052.0,156645.0,2990357.0,162940.0,10.0,0.0,ok,ECB reported,https://www.ecb.europa.eu/stats/pdf/monetary/lm/liq_daily_2024.zip
2024-09-28,2984052.0,2984052.0,,,,162940.0,,,not_cross_checked,ECB reported,https://data-api.ecb.europa.eu/service/data/ILM/D.U2.C.EXLIQ+L020100+L020200+MRR+A050500.U2.EUR?startPeriod=2024-09-27&format=csvdata
2024-09-29,2984052.0,2984052.0,,,,162940.0,,,not_cross_checked,ECB reported,https://data-api.ecb.europa.eu/service/data/ILM/D.U2.C.EXLIQ+L020100+L020200+MRR+A050500.U2.EUR?startPeriod=2024-09-27&format=csvdata
2024-09-30,2971776.0,2971776.0,2971776.0,186314.0,2948406.0,162940.0,4.0,0.0,ok,ECB reported,https://www.ecb.europa.eu/stats/pdf/monetary/lm/liq_daily_2024.zip
2024-10-01,2987443.0,2987443.0,2987443.0,160846.0,2989550.0,162940.0,13.0,0.0,ok,ECB reported,https://www.ecb.europa.eu/stats/pdf/monetary/lm/liq_daily_2024.zip
2024-10-02,2986126.0,2986126.0,2986126.0,156407.0,2992660.0,162940.0,1.0,0.0,ok,ECB reported,https://www.ecb.europa.eu/stats/pdf/monetary/lm/liq_daily_2024.zip
2024-10-03,2980065.0,2980065.0,2980065.0,184011.0,2958994.0,162940.0,0.0,0.0,ok,ECB reported,https://www.ecb.europa.eu/stats/pdf/monetary/lm/liq_daily_2024.zip
2024-10-04,2986335.0,2986335.0,2986335.0,154801.0,2994476.0,162940.0,2.0,0.0,ok,ECB reported,https://www.ecb.europa.eu/stats/pdf/monetary/lm/liq_daily_2024.zip
2024-10-05,2986335.0,2986335.0,,,,162940.0,,,not_cross_checked,ECB reported,https://data-api.ecb.europa.eu/service/data/ILM/D.U2.C.EXLIQ+L020100+L020200+MRR+A050500.U2.EUR?startPeriod=2024-09-27&format=csvdata
2024-10-06,2986335.0,2986335.0,,,,162940.0,,,not_cross_checked,ECB reported,https://data-api.ecb.europa.eu/service/data/ILM/D.U2.C.EXLIQ+L020100+L020200+MRR+A050500.U2.EUR?startPeriod=2024-09-27&format=csvdata
2024-10-07,2985591.0,2985591.0,2985592.0,157532.0,2991003.0,162940.0,3.0,-1.0,ok,ECB reported,https://www.ecb.europa.eu/stats/pdf/monetary/lm/liq_daily_2024.zip
2024-10-08,2990010.0,2990010.0,2990010.0,153395.0,2999570.0,162940.0,15.0,0.0,ok,ECB reported,https://www.ecb.europa.eu/stats/pdf/monetary/lm/liq_daily_2024.zip
2024-10-09,2996969.0,2996969.0,2996970.0,151886.0,3008035.0,162940.0,11.0,-1.0,ok,ECB reported,https://www.ecb.europa.eu/stats/pdf/monetary/lm/liq_daily_2024.zip
2024-10-10,2993272.0,2993272.0,2993271.0,151760.0,3004452.0,162940.0,1.0,1.0,ok,ECB reported,https://www.ecb.europa.eu/stats/pdf/monetary/lm/liq_daily_2024.zip
2024-10-11,3000579.0,3000579.0,3000579.0,154813.0,3008706.0,162940.0,0.0,0.0,ok,ECB reported,https://www.ecb.europa.eu/stats/pdf/monetary/lm/liq_daily_2024.zip
2024-10-12,3000579.0,3000579.0,,,,162940.0,,,not_cross_checked,ECB reported,https://data-api.ecb.europa.eu/service/data/ILM/D.U2.C.EXLIQ+L020100+L020200+MRR+A050500.U2.EUR?startPeriod=2024-09-27&format=csvdata
2024-10-13,3000579.0,3000579.0,,,,162940.0,,,not_cross_checked,ECB reported,https://data-api.ecb.europa.eu/service/data/ILM/D.U2.C.EXLIQ+L020100+L020200+MRR+A050500.U2.EUR?startPeriod=2024-09-27&format=csvdata
2024-10-14,2997051.0,2997051.0,2997051.0,156733.0,3003258.0,162940.0,0.0,0.0,ok,ECB reported,https://www.ecb.europa.eu/stats/pdf/monetary/lm/liq_daily_2024.zip
2024-10-15,2979014.0,2979014.0,2979014.0,157959.0,2983995.0,162940.0,0.0,0.0,ok,ECB reported,https://www.ecb.europa.eu/stats/pdf/monetary/lm/liq_daily_2024.zip
2024-10-16,2980561.0,2980561.0,2980561.0,165826.0,2977775.0,162940.0,100.0,0.0,ok,ECB reported,https://www.ecb.europa.eu/stats/pdf/monetary/lm/liq_daily_2024.zip
2024-10-17,2981922.0,2981922.0,2981923.0,179291.0,2965573.0,162940.0,1.0,-1.0,ok,ECB reported,https://www.ecb.europa.eu/stats/pdf/monetary/lm/liq_daily_2024.zip
2024-10-18,2968344.0,2968344.0,2968344.0,192683.0,2938601.0,162940.0,0.0,0.0,ok,ECB reported,https://www.ecb.europa.eu/stats/pdf/monetary/lm/liq_daily_2024.zip
2024-10-19,2968344.0,2968344.0,,192683.0,,162940.0,,,not_cross_checked,ECB reported,https://www.ecb.europa.eu/stats/pdf/monetary/lm/liq_daily_2024.zip
2024-10-20,2968344.0,2968344.0,,192683.0,,162940.0,,,not_cross_checked,ECB reported,https://www.ecb.europa.eu/stats/pdf/monetary/lm/liq_daily_2024.zip
2024-10-21,2969515.0,2969515.0,2969515.0,211019.0,2921486.0,162940.0,50.0,0.0,ok,ECB reported,https://www.ecb.europa.eu/stats/pdf/monetary/lm/liq_daily_2024.zip
2024-10-22,2966505.0,2966505.0,2966506.0,184262.0,2945201.0,162940.0,17.0,-1.0,ok,ECB reported,https://www.ecb.europa.eu/stats/pdf/monetary/lm/liq_daily_2024.zip
2024-10-23,2960002.0,2960002.0,2960002.0,258321.0,2864924.0,163232.0,11.0,0.0,ok,ECB reported,https://www.ecb.europa.eu/stats/pdf/monetary/lm/liq_daily_2024.zip
2024-10-24,2961076.0,2961076.0,2961077.0,230894.0,2893424.0,163232.0,9.0,-1.0,ok,ECB reported,https://www.ecb.europa.eu/stats/pdf/monetary/lm/liq_daily_2024.zip
2024-10-25,2960929.0,2960929.0,2960928.0,175856.0,2948353.0,163232.0,49.0,1.0,ok,ECB reported,https://www.ecb.europa.eu/stats/pdf/monetary/lm/liq_daily_2024.zip
2024-10-26,2960929.0,2960929.0,,,,163232.0,,,not_cross_checked,ECB reported,https://data-api.ecb.europa.eu/service/data/ILM/D.U2.C.EXLIQ+L020100+L020200+MRR+A050500.U2.EUR?startPeriod=2024-09-27&format=csvdata
2024-10-27,2960929.0,2960929.0,,,,163232.0,,,not_cross_checked,ECB reported,https://data-api.ecb.europa.eu/service/data/ILM/D.U2.C.EXLIQ+L020100+L020200+MRR+A050500.U2.EUR?startPeriod=2024-09-27&format=csvdata
2024-10-28,2958822.0,2958822.0,2958821.0,176273.0,2945888.0,163232.0,108.0,1.0,ok,ECB reported,https://www.ecb.europa.eu/stats/pdf/monetary/lm/liq_daily_2024.zip
2024-10-29,2961078.0,2961078.0,2961078.0,191539.0,2932840.0,163232.0,69.0,0.0,ok,ECB reported,https://www.ecb.europa.eu/stats/pdf/monetary/lm/liq_daily_2024.zip
2024-10-30,2940579.0,2940579.0,2940578.0,167597.0,2936213.0,163232.0,0.0,1.0,ok,ECB reported,https://www.ecb.europa.eu/stats/pdf/monetary/lm/liq_daily_2024.zip
2024-10-31,2925252.0,2925252.0,2925252.0,169304.0,2919180.0,163232.0,0.0,0.0,ok,ECB reported,https://www.ecb.europa.eu/stats/pdf/monetary/lm/liq_daily_2024.zip
2024-11-01,2940346.0,2940346.0,2940343.0,178360.0,2925215.0,163232.0,0.0,3.0,ok,ECB reported,https://www.ecb.europa.eu/stats/pdf/monetary/lm/liq_daily_2024.zip
2024-11-02,2940346.0,2940346.0,,,,163229.0,,,not_cross_checked,ECB reported,https://data-api.ecb.europa.eu/service/data/ILM/D.U2.C.EXLIQ+L020100+L020200+MRR+A050500.U2.EUR?startPeriod=2024-09-27&format=csvdata
2024-11-03,2940346.0,2940346.0,,,,163229.0,,,not_cross_checked,ECB reported,https://data-api.ecb.europa.eu/service/data/ILM/D.U2.C.EXLIQ+L020100+L020200+MRR+A050500.U2.EUR?startPeriod=2024-09-27&format=csvdata
2024-11-04,2951101.0,2951101.0,2951101.0,159026.0,2955307.0,163232.0,0.0,0.0,ok,ECB reported,https://www.ecb.europa.eu/stats/pdf/monetary/lm/liq_daily_2024.zip
2024-11-05,2958231.0,2958231.0,2958231.0,157347.0,2964116.0,163232.0,0.0,0.0,ok,ECB reported,https://www.ecb.europa.eu/stats/pdf/monetary/lm/liq_daily_2024.zip
2024-11-06,2957098.0,2957098.0,2957098.0,151743.0,2968587.0,163232.0,0.0,0.0,ok,ECB reported,https://www.ecb.europa.eu/stats/pdf/monetary/lm/liq_daily_2024.zip
2024-11-07,2954966.0,2954966.0,2954965.0,154519.0,2963678.0,163232.0,0.0,1.0,ok,ECB reported,https://www.ecb.europa.eu/stats/pdf/monetary/lm/liq_daily_2024.zip
2024-11-08,2956637.0,2956637.0,2956637.0,161528.0,2958341.0,163232.0,0.0,0.0,ok,ECB reported,https://www.ecb.europa.eu/stats/pdf/monetary/lm/liq_daily_2024.zip
2024-11-09,2956637.0,2956637.0,,,,163232.0,,,not_cross_checked,ECB reported,https://data-api.ecb.europa.eu/service/data/ILM/D.U2.C.EXLIQ+L020100+L020200+MRR+A050500.U2.EUR?startPeriod=2024-09-27&format=csvdata
2024-11-10,2956637.0,2956637.0,,,,163232.0,,,not_cross_checked,ECB reported,https://data-api.ecb.europa.eu/service/data/ILM/D.U2.C.EXLIQ+L020100+L020200+MRR+A050500.U2.EUR?startPeriod=2024-09-27&format=csvdata
2024-11-11,2957117.0,2957117.0,2957117.0,155106.0,2965243.0,163232.0,0.0,0.0,ok,ECB reported,https://www.ecb.europa.eu/stats/pdf/monetary/lm/liq_daily_2024.zip
2024-11-12,2961344.0,2961344.0,2961344.0,153024.0,2971699.0,163232.0,147.0,0.0,ok,ECB reported,https://www.ecb.europa.eu/stats/pdf/monetary/lm/liq_daily_2024.zip
2024-11-13,2964220.0,2964220.0,2964219.0,150311.0,2977260.0,163232.0,120.0,1.0,ok,ECB reported,https://www.ecb.europa.eu/stats/pdf/monetary/lm/liq_daily_2024.zip
2024-11-14,2957659.0,2957659.0,2957659.0,151021.0,2969990.0,163232.0,120.0,0.0,ok,ECB reported,https://www.ecb.europa.eu/stats/pdf/monetary/lm/liq_daily_2024.zip
2024-11-15,2933627.0,2933627.0,2933627.0,150881.0,2946109.0,163232.0,131.0,0.0,ok,ECB reported,https://www.ecb.europa.eu/stats/pdf/monetary/lm/liq_daily_2024.zip
2024-11-16,2933627.0,2933627.0,,,,163232.0,,,not_cross_checked,ECB reported,https://data-api.ecb.europa.eu/service/data/ILM/D.U2.C.EXLIQ+L020100+L020200+MRR+A050500.U2.EUR?startPeriod=2024-09-27&format=csvdata
2024-11-17,2933627.0,2933627.0,,,,163232.0,,,not_cross_checked,ECB reported,https://data-api.ecb.europa.eu/service/data/ILM/D.U2.C.EXLIQ+L020100+L020200+MRR+A050500.U2.EUR?startPeriod=2024-09-27&format=csvdata
2024-11-18,2948085.0,2948085.0,2948085.0,152974.0,2958669.0,163232.0,326.0,0.0,ok,ECB reported,https://www.ecb.europa.eu/stats/pdf/monetary/lm/liq_daily_2024.zip
2024-11-19,2950667.0,2950667.0,2950666.0,151845.0,2962063.0,163232.0,10.0,1.0,ok,ECB reported,https://www.ecb.europa.eu/stats/pdf/monetary/lm/liq_daily_2024.zip
2024-11-20,2953968.0,2953968.0,2953968.0,152992.0,2964210.0,163232.0,2.0,0.0,ok,ECB reported,https://www.ecb.europa.eu/stats/pdf/monetary/lm/liq_daily_2024.zip
2024-11-21,2948167.0,2948167.0,2948167.0,158398.0,2953001.0,163232.0,0.0,0.0,ok,ECB reported,https://www.ecb.europa.eu/stats/pdf/monetary/lm/liq_daily_2024.zip
2024-11-22,2953659.0,2953659.0,2953658.0,151487.0,2965422.0,163232.0,19.0,1.0,ok,ECB reported,https://www.ecb.europa.eu/stats/pdf/monetary/lm/liq_daily_2024.zip
2024-11-23,2953659.0,2953659.0,,,,163232.0,,,not_cross_checked,ECB reported,https://data-api.ecb.europa.eu/service/data/ILM/D.U2.C.EXLIQ+L020100+L020200+MRR+A050500.U2.EUR?startPeriod=2024-09-27&format=csvdata
2024-11-24,2953659.0,2953659.0,,,,163232.0,,,not_cross_checked,ECB reported,https://data-api.ecb.europa.eu/service/data/ILM/D.U2.C.EXLIQ+L020100+L020200+MRR+A050500.U2.EUR?startPeriod=2024-09-27&format=csvdata
2024-11-25,2931178.0,2931178.0,2931177.0,152402.0,2942023.0,163232.0,16.0,1.0,ok,ECB reported,https://www.ecb.europa.eu/stats/pdf/monetary/lm/liq_daily_2024.zip
2024-11-26,2920642.0,2920642.0,2920642.0,155226.0,2928684.0,163232.0,36.0,0.0,ok,ECB reported,https://www.ecb.europa.eu/stats/pdf/monetary/lm/liq_daily_2024.zip
2024-11-27,2909412.0,2909412.0,2909413.0,155369.0,2917340.0,163232.0,64.0,-1.0,ok,ECB reported,https://www.ecb.europa.eu/stats/pdf/monetary/lm/liq_daily_2024.zip
2024-11-28,2895417.0,2895417.0,2895416.0,166503.0,2892145.0,163232.0,0.0,1.0,ok,ECB reported,https://www.ecb.europa.eu/stats/pdf/monetary/lm/liq_daily_2024.zip
2024-11-29,2894426.0,2894426.0,2894426.0,156875.0,2900783.0,163232.0,0.0,0.0,ok,ECB reported,https://www.ecb.europa.eu/stats/pdf/monetary/lm/liq_daily_2024.zip
2024-11-30,2894426.0,2894426.0,,,,163232.0,,,not_cross_checked,ECB reported,https://data-api.ecb.europa.eu/service/data/ILM/D.U2.C.EXLIQ+L020100+L020200+MRR+A050500.U2.EUR?startPeriod=2024-09-27&format=csvdata
2024-12-01,2894426.0,2894426.0,,,,163232.0,,,not_cross_checked,ECB reported,https://data-api.ecb.europa.eu/service/data/ILM/D.U2.C.EXLIQ+L020100+L020200+MRR+A050500.U2.EUR?startPeriod=2024-09-27&format=csvdata
2024-12-02,2898422.0,2898422.0,2898422.0,152268.0,2909407.0,163232.0,21.0,0.0,ok,ECB reported,https://www.ecb.europa.eu/stats/pdf/monetary/lm/liq_daily_2024.zip
2024-12-03,2908822.0,2908822.0,2908822.0,152413.0,2919641.0,163232.0,0.0,0.0,ok,ECB reported,https://www.ecb.europa.eu/stats/pdf/monetary/lm/liq_daily_2024.zip
2024-12-04,2902943.0,2902943.0,2902942.0,161017.0,2905158.0,163232.0,1.0,1.0,ok,ECB reported,https://www.ecb.europa.eu/stats/pdf/monetary/lm/liq_daily_2024.zip
2024-12-05,2897072.0,2897072.0,2897072.0,163200.0,2897109.0,163232.0,5.0,0.0,ok,ECB reported,https://www.ecb.europa.eu/stats/pdf/monetary/lm/liq_daily_2024.zip
2024-12-06,2902919.0,2902919.0,2902919.0,166177.0,2899974.0,163232.0,0.0,0.0,ok,ECB reported,https://www.ecb.europa.eu/stats/pdf/monetary/lm/liq_daily_2024.zip
2024-12-07,2902919.0,2902919.0,,,,163232.0,,,not_cross_checked,ECB reported,https://data-api.ecb.europa.eu/service/data/ILM/D.U2.C.EXLIQ+L020100+L020200+MRR+A050500.U2.EUR?startPeriod=2024-09-27&format=csvdata
2024-12-08,2902919.0,2902919.0,,,,163232.0,,,not_cross_checked,ECB reported,https://data-api.ecb.europa.eu/service/data/ILM/D.U2.C.EXLIQ+L020100+L020200+MRR+A050500.U2.EUR?startPeriod=2024-09-27&format=csvdata
2024-12-09,2911348.0,2911348.0,2911348.0,170945.0,2903635.0,163232.0,0.0,0.0,ok,ECB reported,https://www.ecb.europa.eu/stats/pdf/monetary/lm/liq_daily_2024.zip
2024-12-10,2916263.0,2916263.0,2916262.0,171908.0,2907586.0,163232.0,0.0,1.0,ok,ECB reported,https://www.ecb.europa.eu/stats/pdf/monetary/lm/liq_daily_2024.zip
2024-12-11,2911874.0,2911874.0,2911873.0,172939.0,2902168.0,163232.0,2.0,1.0,ok,ECB reported,https://www.ecb.europa.eu/stats/pdf/monetary/lm/liq_daily_2024.zip
2024-12-12,2900699.0,2900699.0,2900698.0,175081.0,2888849.0,163232.0,0.0,1.0,ok,ECB reported,https://www.ecb.europa.eu/stats/pdf/monetary/lm/liq_daily_2024.zip
2024-12-13,2906830.0,2906830.0,2906830.0,203355.0,2866707.0,163232.0,0.0,0.0,ok,ECB reported,https://www.ecb.europa.eu/stats/pdf/monetary/lm/liq_daily_2024.zip
2024-12-14,2906830.0,2906830.0,,,,163232.0,,,not_cross_checked,ECB reported,https://data-api.ecb.europa.eu/service/data/ILM/D.U2.C.EXLIQ+L020100+L020200+MRR+A050500.U2.EUR?startPeriod=2024-09-27&format=csvdata
2024-12-15,2906830.0,2906830.0,,,,163232.0,,,not_cross_checked,ECB reported,https://data-api.ecb.europa.eu/service/data/ILM/D.U2.C.EXLIQ+L020100+L020200+MRR+A050500.U2.EUR?startPeriod=2024-09-27&format=csvdata
2024-12-16,2898642.0,2898642.0,2898642.0,208242.0,2853632.0,163232.0,0.0,0.0,ok,ECB reported,https://www.ecb.europa.eu/stats/pdf/monetary/lm/liq_daily_2024.zip
2024-12-17,2916190.0,2916190.0,2916189.0,182330.0,2897195.0,163232.0,104.0,1.0,ok,ECB reported,https://www.ecb.europa.eu/stats/pdf/monetary/lm/liq_daily_2024.zip
2024-12-18,2882809.0,2882809.0,2882810.0,277900.0,2769035.0,164025.0,100.0,-1.0,ok,ECB reported,https://www.ecb.europa.eu/stats/pdf/monetary/lm/liq_daily_2024.zip
2024-12-19,2862901.0,2862901.0,2862902.0,252954.0,2774056.0,164025.0,83.0,-1.0,ok,ECB reported,https://www.ecb.europa.eu/stats/pdf/monetary/lm/liq_daily_2024.zip
2024-12-20,2878102.0,2878102.0,2878102.0,197748.0,2844479.0,164025.0,100.0,0.0,ok,ECB reported,https://www.ecb.europa.eu/stats/pdf/monetary/lm/liq_daily_2024.zip
2024-12-21,2878229.0,2878229.0,,,,163898.0,,,not_cross_checked,ECB reported,https://data-api.ecb.europa.eu/service/data/ILM/D.U2.C.EXLIQ+L020100+L020200+MRR+A050500.U2.EUR?startPeriod=2024-09-27&format=csvdata
2024-12-22,2878229.0,2878229.0,,,,163898.0,,,not_cross_checked,ECB reported,https://data-api.ecb.europa.eu/service/data/ILM/D.U2.C.EXLIQ+L020100+L020200+MRR+A050500.U2.EUR?startPeriod=2024-09-27&format=csvdata
2024-12-23,2891831.0,2891831.0,2891831.0,183214.0,2872717.0,164025.0,75.0,0.0,ok,ECB reported,https://www.ecb.europa.eu/stats/pdf/monetary/lm/liq_daily_2024.zip
2024-12-24,2894830.0,2894830.0,2894830.0,207879.0,2851013.0,164025.0,37.0,0.0,ok,ECB reported,https://www.ecb.europa.eu/stats/pdf/monetary/lm/liq_daily_2024.zip
2024-12-25,2894830.0,2894830.0,2894830.0,207879.0,2851013.0,164025.0,37.0,0.0,ok,ECB reported,https://www.ecb.europa.eu/stats/pdf/monetary/lm/liq_daily_2024.zip
2024-12-26,2894830.0,2894830.0,2894830.0,207879.0,2851013.0,164025.0,37.0,0.0,ok,ECB reported,https://www.ecb.europa.eu/stats/pdf/monetary/lm/liq_daily_2024.zip
2024-12-27,2896268.0,2896268.0,2896269.0,172798.0,2887532.0,164025.0,36.0,-1.0,ok,ECB reported,https://www.ecb.europa.eu/stats/pdf/monetary/lm/liq_daily_2024.zip
2024-12-28,2896395.0,2896395.0,,,,163898.0,,,not_cross_checked,ECB reported,https://data-api.ecb.europa.eu/service/data/ILM/D.U2.C.EXLIQ+L020100+L020200+MRR+A050500.U2.EUR?startPeriod=2024-09-27&format=csvdata
2024-12-29,2896395.0,2896395.0,,,,163898.0,,,not_cross_checked,ECB reported,https://data-api.ecb.europa.eu/service/data/ILM/D.U2.C.EXLIQ+L020100+L020200+MRR+A050500.U2.EUR?startPeriod=2024-09-27&format=csvdata
2024-12-30,2890331.0,2890331.0,2890331.0,167638.0,2886718.0,164025.0,0.0,0.0,ok,ECB reported,https://www.ecb.europa.eu/stats/pdf/monetary/lm/liq_daily_2024.zip
2024-12-31,2827210.0,2827210.0,2827210.0,192273.0,2799010.0,164025.0,48.0,0.0,ok,ECB reported,https://www.ecb.europa.eu/stats/pdf/monetary/lm/liq_daily_2024.zip
2025-01-01,2827336.0,2827336.0,2827337.0,192273.0,2799010.0,163898.0,48.0,-1.0,ok,ECB reported,https://www.ecb.europa.eu/stats/pdf/monetary/lm/liq_daily_2025.zip
2025-01-02,2897788.0,2897788.0,2897788.0,149058.0,2912628.0,163898.0,0.0,0.0,ok,ECB reported,https://www.ecb.europa.eu/stats/pdf/monetary/lm/liq_daily_2025.zip
2025-01-03,2910016.0,2910016.0,2910016.0,149944.0,2923970.0,163898.0,0.0,0.0,ok,ECB reported,https://www.ecb.europa.eu/stats/pdf/monetary/lm/liq_daily_2025.zip
2025-01-04,2910016.0,2910016.0,,,,163898.0,,,not_cross_checked,ECB reported,https://data-api.ecb.europa.eu/service/data/ILM/D.U2.C.EXLIQ+L020100+L020200+MRR+A050500.U2.EUR?startPeriod=2024-09-27&format=csvdata
2025-01-05,2910016.0,2910016.0,,,,163898.0,,,not_cross_checked,ECB reported,https://data-api.ecb.europa.eu/service/data/ILM/D.U2.C.EXLIQ+L020100+L020200+MRR+A050500.U2.EUR?startPeriod=2024-09-27&format=csvdata
2025-01-06,2911308.0,2911308.0,2911308.0,162119.0,2913087.0,163898.0,0.0,0.0,ok,ECB reported,https://www.ecb.europa.eu/stats/pdf/monetary/lm/liq_daily_2025.zip
2025-01-07,2922502.0,2922502.0,2922503.0,143566.0,2942835.0,163898.0,0.0,-1.0,ok,ECB reported,https://www.ecb.europa.eu/stats/pdf/monetary/lm/liq_daily_2025.zip
2025-01-08,2932527.0,2932527.0,2932528.0,141999.0,2954427.0,163898.0,0.0,-1.0,ok,ECB reported,https://www.ecb.europa.eu/stats/pdf/monetary/lm/liq_daily_2025.zip
2025-01-09,2950793.0,2950793.0,2950794.0,144743.0,2969949.0,163898.0,0.0,-1.0,ok,ECB reported,https://www.ecb.europa.eu/stats/pdf/monetary/lm/liq_daily_2025.zip
2025-01-10,2954506.0,2954506.0,2954506.0,145557.0,2972847.0,163898.0,0.0,0.0,ok,ECB reported,https://www.ecb.europa.eu/stats/pdf/monetary/lm/liq_daily_2025.zip
2025-01-11,2954506.0,2954506.0,,,,163898.0,,,not_cross_checked,ECB reported,https://data-api.ecb.europa.eu/service/data/ILM/D.U2.C.EXLIQ+L020100+L020200+MRR+A050500.U2.EUR?startPeriod=2024-09-27&format=csvdata
2025-01-12,2954506.0,2954506.0,,,,163898.0,,,not_cross_checked,ECB reported,https://data-api.ecb.europa.eu/service/data/ILM/D.U2.C.EXLIQ+L020100+L020200+MRR+A050500.U2.EUR?startPeriod=2024-09-27&format=csvdata
2025-01-13,2959636.0,2959636.0,2959637.0,145941.0,2977678.0,163898.0,84.0,-1.0,ok,ECB reported,https://www.ecb.europa.eu/stats/pdf/monetary/lm/liq_daily_2025.zip
2025-01-14,2957853.0,2957853.0,2957854.0,142997.0,2978817.0,163898.0,62.0,-1.0,ok,ECB reported,https://www.ecb.europa.eu/stats/pdf/monetary/lm/liq_daily_2025.zip
2025-01-15,2944092.0,2944092.0,2944092.0,144066.0,2964009.0,163898.0,85.0,0.0,ok,ECB reported,https://www.ecb.europa.eu/stats/pdf/monetary/lm/liq_daily_2025.zip
2025-01-16,2939491.0,2939491.0,2939491.0,143265.0,2960189.0,163898.0,65.0,0.0,ok,ECB reported,https://www.ecb.europa.eu/stats/pdf/monetary/lm/liq_daily_2025.zip
2025-01-17,2943149.0,2943149.0,2943150.0,171852.0,2935285.0,163898.0,89.0,-1.0,ok,ECB reported,https://www.ecb.europa.eu/stats/pdf/monetary/lm/liq_daily_2025.zip
2025-01-18,2943149.0,2943149.0,,,,163898.0,,,not_cross_checked,ECB reported,https://data-api.ecb.europa.eu/service/data/ILM/D.U2.C.EXLIQ+L020100+L020200+MRR+A050500.U2.EUR?startPeriod=2024-09-27&format=csvdata
2025-01-19,2943149.0,2943149.0,,,,163898.0,,,not_cross_checked,ECB reported,https://data-api.ecb.europa.eu/service/data/ILM/D.U2.C.EXLIQ+L020100+L020200+MRR+A050500.U2.EUR?startPeriod=2024-09-27&format=csvdata
2025-01-20,2945061.0,2945061.0,2945062.0,146868.0,2962156.0,163898.0,64.0,-1.0,ok,ECB reported,https://www.ecb.europa.eu/stats/pdf/monetary/lm/liq_daily_2025.zip
2025-01-21,2922833.0,2922833.0,2922833.0,144519.0,2942279.0,163898.0,67.0,0.0,ok,ECB reported,https://www.ecb.europa.eu/stats/pdf/monetary/lm/liq_daily_2025.zip
2025-01-22,2940922.0,2940922.0,2940922.0,147774.0,2957082.0,163898.0,36.0,0.0,ok,ECB reported,https://www.ecb.europa.eu/stats/pdf/monetary/lm/liq_daily_2025.zip
2025-01-23,2944815.0,2944815.0,2944815.0,146434.0,2962308.0,163898.0,29.0,0.0,ok,ECB reported,https://www.ecb.europa.eu/stats/pdf/monetary/lm/liq_daily_2025.zip
2025-01-24,2944692.0,2944692.0,2944693.0,146088.0,2962552.0,163898.0,49.0,-1.0,ok,ECB reported,https://www.ecb.europa.eu/stats/pdf/monetary/lm/liq_daily_2025.zip
2025-01-25,2944692.0,2944692.0,,,,163898.0,,,not_cross_checked,ECB reported,https://data-api.ecb.europa.eu/service/data/ILM/D.U2.C.EXLIQ+L020100+L020200+MRR+A050500.U2.EUR?startPeriod=2024-09-27&format=csvdata
2025-01-26,2944692.0,2944692.0,,,,163898.0,,,not_cross_checked,ECB reported,https://data-api.ecb.europa.eu/service/data/ILM/D.U2.C.EXLIQ+L020100+L020200+MRR+A050500.U2.EUR?startPeriod=2024-09-27&format=csvdata
2025-01-27,2930536.0,2930536.0,2930537.0,150180.0,2944303.0,163898.0,48.0,-1.0,ok,ECB reported,https://www.ecb.europa.eu/stats/pdf/monetary/lm/liq_daily_2025.zip
2025-01-28,2929129.0,2929129.0,2929129.0,165640.0,2927499.0,163898.0,112.0,0.0,ok,ECB reported,https://www.ecb.europa.eu/stats/pdf/monetary/lm/liq_daily_2025.zip
2025-01-29,2922591.0,2922591.0,2922592.0,164178.0,2922423.0,163898.0,111.0,-1.0,ok,ECB reported,https://www.ecb.europa.eu/stats/pdf/monetary/lm/liq_daily_2025.zip
2025-01-30,2896253.0,2896253.0,2896254.0,169197.0,2890983.0,163898.0,28.0,-1.0,ok,ECB reported,https://www.ecb.europa.eu/stats/pdf/monetary/lm/liq_daily_2025.zip
2025-01-31,2869332.0,2869332.0,2869333.0,197344.0,2835887.0,163898.0,0.0,-1.0,ok,ECB reported,https://www.ecb.europa.eu/stats/pdf/monetary/lm/liq_daily_2025.zip
2025-02-01,2869332.0,2869332.0,,,,163898.0,,,not_cross_checked,ECB reported,https://data-api.ecb.europa.eu/service/data/ILM/D.U2.C.EXLIQ+L020100+L020200+MRR+A050500.U2.EUR?startPeriod=2024-09-27&format=csvdata
2025-02-02,2869332.0,2869332.0,,,,163898.0,,,not_cross_checked,ECB reported,https://data-api.ecb.europa.eu/service/data/ILM/D.U2.C.EXLIQ+L020100+L020200+MRR+A050500.U2.EUR?startPeriod=2024-09-27&format=csvdata
2025-02-03,2868272.0,2868272.0,2868272.0,209147.0,2823024.0,163898.0,1.0,0.0,ok,ECB reported,https://www.ecb.europa.eu/stats/pdf/monetary/lm/liq_daily_2025.zip
2025-02-04,2878321.0,2878321.0,2878321.0,174650.0,2867571.0,163898.0,2.0,0.0,ok,ECB reported,https://www.ecb.europa.eu/stats/pdf/monetary/lm/liq_daily_2025.zip
2025-02-05,2864441.0,2864441.0,2864441.0,241098.0,2790205.0,166862.0,0.0,0.0,ok,ECB reported,https://www.ecb.europa.eu/stats/pdf/monetary/lm/liq_daily_2025.zip
2025-02-06,2892884.0,2892884.0,2892883.0,193957.0,2865788.0,166862.0,0.0,1.0,ok,ECB reported,https://www.ecb.europa.eu/stats/pdf/monetary/lm/liq_daily_2025.zip
2025-02-07,2895668.0,2895668.0,2895668.0,168903.0,2893627.0,166862.0,0.0,0.0,ok,ECB reported,https://www.ecb.europa.eu/stats/pdf/monetary/lm/liq_daily_2025.zip
2025-02-08,2895668.0,2895668.0,,,,166862.0,,,not_cross_checked,ECB reported,https://data-api.ecb.europa.eu/service/data/ILM/D.U2.C.EXLIQ+L020100+L020200+MRR+A050500.U2.EUR?startPeriod=2024-09-27&format=csvdata
2025-02-09,2895668.0,2895668.0,,,,166862.0,,,not_cross_checked,ECB reported,https://data-api.ecb.europa.eu/service/data/ILM/D.U2.C.EXLIQ+L020100+L020200+MRR+A050500.U2.EUR?startPeriod=2024-09-27&format=csvdata
2025-02-10,2888035.0,2888035.0,2888035.0,158178.0,2896719.0,166862.0,0.0,0.0,ok,ECB reported,https://www.ecb.europa.eu/stats/pdf/monetary/lm/liq_daily_2025.zip
2025-02-11,2878429.0,2878429.0,2878429.0,157914.0,2887377.0,166862.0,0.0,0.0,ok,ECB reported,https://www.ecb.europa.eu/stats/pdf/monetary/lm/liq_daily_2025.zip
2025-02-12,2882473.0,2882473.0,2882473.0,159563.0,2889774.0,166862.0,2.0,0.0,ok,ECB reported,https://www.ecb.europa.eu/stats/pdf/monetary/lm/liq_daily_2025.zip
2025-02-13,2876639.0,2876639.0,2876639.0,159360.0,2884161.0,166862.0,20.0,0.0,ok,ECB reported,https://www.ecb.europa.eu/stats/pdf/monetary/lm/liq_daily_2025.zip
2025-02-14,2884213.0,2884213.0,2884212.0,159366.0,2891738.0,166862.0,30.0,1.0,ok,ECB reported,https://www.ecb.europa.eu/stats/pdf/monetary/lm/liq_daily_2025.zip
2025-02-15,2884213.0,2884213.0,,,,166862.0,,,not_cross_checked,ECB reported,https://data-api.ecb.europa.eu/service/data/ILM/D.U2.C.EXLIQ+L020100+L020200+MRR+A050500.U2.EUR?startPeriod=2024-09-27&format=csvdata
2025-02-16,2884213.0,2884213.0,,,,166862.0,,,not_cross_checked,ECB reported,https://data-api.ecb.europa.eu/service/data/ILM/D.U2.C.EXLIQ+L020100+L020200+MRR+A050500.U2.EUR?startPeriod=2024-09-27&format=csvdata
2025-02-17,2868342.0,2868342.0,2868342.0,158931.0,2876307.0,166862.0,34.0,0.0,ok,ECB reported,https://www.ecb.europa.eu/stats/pdf/monetary/lm/liq_daily_2025.zip
2025-02-18,2859775.0,2859775.0,2859775.0,157442.0,2869228.0,166862.0,33.0,0.0,ok,ECB reported,https://www.ecb.europa.eu/stats/pdf/monetary/lm/liq_daily_2025.zip
2025-02-19,2848158.0,2848158.0,2848157.0,157202.0,2857863.0,166862.0,46.0,1.0,ok,ECB reported,https://www.ecb.europa.eu/stats/pdf/monetary/lm/liq_daily_2025.zip
2025-02-20,2849815.0,2849815.0,2849815.0,164365.0,2852412.0,166862.0,100.0,0.0,ok,ECB reported,https://www.ecb.europa.eu/stats/pdf/monetary/lm/liq_daily_2025.zip
2025-02-21,2851774.0,2851774.0,2851773.0,158611.0,2860092.0,166862.0,68.0,1.0,ok,ECB reported,https://www.ecb.europa.eu/stats/pdf/monetary/lm/liq_daily_2025.zip
2025-02-22,2851774.0,2851774.0,,,,166862.0,,,not_cross_checked,ECB reported,https://data-api.ecb.europa.eu/service/data/ILM/D.U2.C.EXLIQ+L020100+L020200+MRR+A050500.U2.EUR?startPeriod=2024-09-27&format=csvdata
2025-02-23,2851774.0,2851774.0,,,,166862.0,,,not_cross_checked,ECB reported,https://data-api.ecb.europa.eu/service/data/ILM/D.U2.C.EXLIQ+L020100+L020200+MRR+A050500.U2.EUR?startPeriod=2024-09-27&format=csvdata
2025-02-24,2857340.0,2857340.0,2857340.0,163642.0,2860681.0,166862.0,121.0,0.0,ok,ECB reported,https://www.ecb.europa.eu/stats/pdf/monetary/lm/liq_daily_2025.zip
2025-02-25,2850050.0,2850050.0,2850050.0,159657.0,2857351.0,166862.0,96.0,0.0,ok,ECB reported,https://www.ecb.europa.eu/stats/pdf/monetary/lm/liq_daily_2025.zip
2025-02-26,2840372.0,2840372.0,2840371.0,158150.0,2849341.0,166862.0,258.0,1.0,ok,ECB reported,https://www.ecb.europa.eu/stats/pdf/monetary/lm/liq_daily_2025.zip
2025-02-27,2790270.0,2790270.0,2790270.0,307280.0,2650292.0,166862.0,440.0,0.0,ok,ECB reported,https://www.ecb.europa.eu/stats/pdf/monetary/lm/liq_daily_2025.zip
2025-02-28,2812134.0,2812134.0,2812133.0,150408.0,2828787.0,166862.0,200.0,1.0,ok,ECB reported,https://www.ecb.europa.eu/stats/pdf/monetary/lm/liq_daily_2025.zip
2025-03-01,2812134.0,2812134.0,,,,166862.0,,,not_cross_checked,ECB reported,https://data-api.ecb.europa.eu/service/data/ILM/D.U2.C.EXLIQ+L020100+L020200+MRR+A050500.U2.EUR?startPeriod=2024-09-27&format=csvdata
2025-03-02,2812134.0,2812134.0,,,,166862.0,,,not_cross_checked,ECB reported,https://data-api.ecb.europa.eu/service/data/ILM/D.U2.C.EXLIQ+L020100+L020200+MRR+A050500.U2.EUR?startPeriod=2024-09-27&format=csvdata
2025-03-03,2811407.0,2811407.0,2811406.0,167354.0,2810914.0,166862.0,0.0,1.0,ok,ECB reported,https://www.ecb.europa.eu/stats/pdf/monetary/lm/liq_daily_2025.zip
2025-03-04,2824973.0,2824973.0,2824973.0,157747.0,2834088.0,166862.0,0.0,0.0,ok,ECB reported,https://www.ecb.europa.eu/stats/pdf/monetary/lm/liq_daily_2025.zip
2025-03-05,2825868.0,2825868.0,2825868.0,157313.0,2835417.0,166862.0,0.0,0.0,ok,ECB reported,https://www.ecb.europa.eu/stats/pdf/monetary/lm/liq_daily_2025.zip
2025-03-06,2827214.0,2827214.0,2827215.0,162365.0,2831712.0,166862.0,0.0,-1.0,ok,ECB reported,https://www.ecb.europa.eu/stats/pdf/monetary/lm/liq_daily_2025.zip
2025-03-07,2831319.0,2831319.0,2831319.0,188312.0,2809889.0,166862.0,20.0,0.0,ok,ECB reported,https://www.ecb.europa.eu/stats/pdf/monetary/lm/liq_daily_2025.zip
2025-03-08,2831319.0,2831319.0,,,,166862.0,,,not_cross_checked,ECB reported,https://data-api.ecb.europa.eu/service/data/ILM/D.U2.C.EXLIQ+L020100+L020200+MRR+A050500.U2.EUR?startPeriod=2024-09-27&format=csvdata
2025-03-09,2831319.0,2831319.0,,,,166862.0,,,not_cross_checked,ECB reported,https://data-api.ecb.europa.eu/service/data/ILM/D.U2.C.EXLIQ+L020100+L020200+MRR+A050500.U2.EUR?startPeriod=2024-09-27&format=csvdata
2025-03-10,2835784.0,2835784.0,2835784.0,223252.0,2779414.0,166862.0,20.0,0.0,ok,ECB reported,https://www.ecb.europa.eu/stats/pdf/monetary/lm/liq_daily_2025.zip
2025-03-11,2834208.0,2834208.0,2834208.0,192019.0,2809103.0,166862.0,52.0,0.0,ok,ECB reported,https://www.ecb.europa.eu/stats/pdf/monetary/lm/liq_daily_2025.zip
2025-03-12,2840755.0,2840755.0,2840755.0,250473.0,2756752.0,166419.0,51.0,0.0,ok,ECB reported,https://www.ecb.europa.eu/stats/pdf/monetary/lm/liq_daily_2025.zip
2025-03-13,2843058.0,2843058.0,2843058.0,187190.0,2822347.0,166419.0,60.0,0.0,ok,ECB reported,https://www.ecb.europa.eu/stats/pdf/monetary/lm/liq_daily_2025.zip
2025-03-14,2830862.0,2830862.0,2830861.0,187408.0,2810013.0,166419.0,141.0,1.0,ok,ECB reported,https://www.ecb.europa.eu/stats/pdf/monetary/lm/liq_daily_2025.zip
2025-03-15,2830862.0,2830862.0,,,,166419.0,,,not_cross_checked,ECB reported,https://data-api.ecb.europa.eu/service/data/ILM/D.U2.C.EXLIQ+L020100+L020200+MRR+A050500.U2.EUR?startPeriod=2024-09-27&format=csvdata
2025-03-16,2830862.0,2830862.0,,,,166419.0,,,not_cross_checked,ECB reported,https://data-api.ecb.europa.eu/service/data/ILM/D.U2.C.EXLIQ+L020100+L020200+MRR+A050500.U2.EUR?startPeriod=2024-09-27&format=csvdata
2025-03-17,2845015.0,2845015.0,2845015.0,161535.0,2849994.0,166419.0,95.0,0.0,ok,ECB reported,https://www.ecb.europa.eu/stats/pdf/monetary/lm/liq_daily_2025.zip
2025-03-18,2841636.0,2841636.0,2841636.0,158180.0,2849913.0,166419.0,38.0,0.0,ok,ECB reported,https://www.ecb.europa.eu/stats/pdf/monetary/lm/liq_daily_2025.zip
2025-03-19,2852005.0,2852005.0,2852005.0,155685.0,2862816.0,166419.0,77.0,0.0,ok,ECB reported,https://www.ecb.europa.eu/stats/pdf/monetary/lm/liq_daily_2025.zip
2025-03-20,2844259.0,2844259.0,2844259.0,154595.0,2856133.0,166419.0,50.0,0.0,ok,ECB reported,https://www.ecb.europa.eu/stats/pdf/monetary/lm/liq_daily_2025.zip
2025-03-21,2847400.0,2847400.0,2847400.0,157895.0,2856021.0,166419.0,97.0,0.0,ok,ECB reported,https://www.ecb.europa.eu/stats/pdf/monetary/lm/liq_daily_2025.zip
2025-03-22,2847400.0,2847400.0,,,,166419.0,,,not_cross_checked,ECB reported,https://data-api.ecb.europa.eu/service/data/ILM/D.U2.C.EXLIQ+L020100+L020200+MRR+A050500.U2.EUR?startPeriod=2024-09-27&format=csvdata
2025-03-23,2847400.0,2847400.0,,,,166419.0,,,not_cross_checked,ECB reported,https://data-api.ecb.europa.eu/service/data/ILM/D.U2.C.EXLIQ+L020100+L020200+MRR+A050500.U2.EUR?startPeriod=2024-09-27&format=csvdata
2025-03-24,2844595.0,2844595.0,2844596.0,157744.0,2853348.0,166419.0,77.0,-1.0,ok,ECB reported,https://www.ecb.europa.eu/stats/pdf/monetary/lm/liq_daily_2025.zip
2025-03-25,2824431.0,2824431.0,2824432.0,159643.0,2831304.0,166419.0,96.0,-1.0,ok,ECB reported,https://www.ecb.europa.eu/stats/pdf/monetary/lm/liq_daily_2025.zip
2025-03-26,2826279.0,2826279.0,2826279.0,155055.0,2837752.0,166419.0,109.0,0.0,ok,ECB reported,https://www.ecb.europa.eu/stats/pdf/monetary/lm/liq_daily_2025.zip
2025-03-27,2818903.0,2818903.0,2818903.0,156285.0,2829142.0,166419.0,105.0,0.0,ok,ECB reported,https://www.ecb.europa.eu/stats/pdf/monetary/lm/liq_daily_2025.zip
2025-03-28,2813346.0,2813346.0,2813347.0,158001.0,2821917.0,166419.0,152.0,-1.0,ok,ECB reported,https://www.ecb.europa.eu/stats/pdf/monetary/lm/liq_daily_2025.zip
2025-03-29,2813346.0,2813346.0,,,,166419.0,,,not_cross_checked,ECB reported,https://data-api.ecb.europa.eu/service/data/ILM/D.U2.C.EXLIQ+L020100+L020200+MRR+A050500.U2.EUR?startPeriod=2024-09-27&format=csvdata
2025-03-30,2813346.0,2813346.0,,,,166419.0,,,not_cross_checked,ECB reported,https://data-api.ecb.europa.eu/service/data/ILM/D.U2.C.EXLIQ+L020100+L020200+MRR+A050500.U2.EUR?startPeriod=2024-09-27&format=csvdata
2025-03-31,2790779.0,2790779.0,2790780.0,168792.0,2788447.0,166419.0,40.0,-1.0,ok,ECB reported,https://www.ecb.europa.eu/stats/pdf/monetary/lm/liq_daily_2025.zip
2025-04-01,2802651.0,2802651.0,2802651.0,164436.0,2804654.0,166419.0,20.0,0.0,ok,ECB reported,https://www.ecb.europa.eu/stats/pdf/monetary/lm/liq_daily_2025.zip
2025-04-02,2818990.0,2818990.0,2818989.0,157234.0,2828174.0,166419.0,0.0,1.0,ok,ECB reported,https://www.ecb.europa.eu/stats/pdf/monetary/lm/liq_daily_2025.zip
2025-04-03,2814926.0,2814926.0,2814927.0,156929.0,2824417.0,166419.0,0.0,-1.0,ok,ECB reported,https://www.ecb.europa.eu/stats/pdf/monetary/lm/liq_daily_2025.zip
2025-04-04,2814263.0,2814263.0,2814263.0,162469.0,2818213.0,166419.0,0.0,0.0,ok,ECB reported,https://www.ecb.europa.eu/stats/pdf/monetary/lm/liq_daily_2025.zip
2025-04-05,2814263.0,2814263.0,,,,166419.0,,,not_cross_checked,ECB reported,https://data-api.ecb.europa.eu/service/data/ILM/D.U2.C.EXLIQ+L020100+L020200+MRR+A050500.U2.EUR?startPeriod=2024-09-27&format=csvdata
2025-04-06,2814263.0,2814263.0,,,,166419.0,,,not_cross_checked,ECB reported,https://data-api.ecb.europa.eu/service/data/ILM/D.U2.C.EXLIQ+L020100+L020200+MRR+A050500.U2.EUR?startPeriod=2024-09-27&format=csvdata
2025-04-07,2807556.0,2807556.0,2807556.0,164583.0,2809392.0,166419.0,0.0,0.0,ok,ECB reported,https://www.ecb.europa.eu/stats/pdf/monetary/lm/liq_daily_2025.zip
2025-04-08,2814014.0,2814014.0,2814014.0,158156.0,2822277.0,166419.0,0.0,0.0,ok,ECB reported,https://www.ecb.europa.eu/stats/pdf/monetary/lm/liq_daily_2025.zip
2025-04-09,2808395.0,2808395.0,2808395.0,158577.0,2816243.0,166419.0,6.0,0.0,ok,ECB reported,https://www.ecb.europa.eu/stats/pdf/monetary/lm/liq_daily_2025.zip
2025-04-10,2804794.0,2804794.0,2804794.0,163478.0,2807745.0,166419.0,10.0,0.0,ok,ECB reported,https://www.ecb.europa.eu/stats/pdf/monetary/lm/liq_daily_2025.zip
2025-04-11,2802255.0,2802255.0,2802255.0,157383.0,2811291.0,166419.0,0.0,0.0,ok,ECB reported,https://www.ecb.europa.eu/stats/pdf/monetary/lm/liq_daily_2025.zip
2025-04-12,2802255.0,2802255.0,,,,166419.0,,,not_cross_checked,ECB reported,https://data-api.ecb.europa.eu/service/data/ILM/D.U2.C.EXLIQ+L020100+L020200+MRR+A050500.U2.EUR?startPeriod=2024-09-27&format=csvdata
2025-04-13,2802255.0,2802255.0,,,,166419.0,,,not_cross_checked,ECB reported,https://data-api.ecb.europa.eu/service/data/ILM/D.U2.C.EXLIQ+L020100+L020200+MRR+A050500.U2.EUR?startPeriod=2024-09-27&format=csvdata
2025-04-14,2796393.0,2796393.0,2796393.0,162399.0,2800413.0,166419.0,0.0,0.0,ok,ECB reported,https://www.ecb.europa.eu/stats/pdf/monetary/lm/liq_daily_2025.zip
2025-04-15,2787792.0,2787792.0,2787791.0,190095.0,2764115.0,166419.0,0.0,1.0,ok,ECB reported,https://www.ecb.europa.eu/stats/pdf/monetary/lm/liq_daily_2025.zip
2025-04-16,2783079.0,2783079.0,2783078.0,188969.0,2760548.0,166419.0,20.0,1.0,ok,ECB reported,https://www.ecb.europa.eu/stats/pdf/monetary/lm/liq_daily_2025.zip
2025-04-17,2763961.0,2763961.0,2763961.0,199711.0,2730689.0,166419.0,20.0,0.0,ok,ECB reported,https://www.ecb.europa.eu/stats/pdf/monetary/lm/liq_daily_2025.zip
2025-04-18,2763961.0,2763961.0,2763961.0,199711.0,2730689.0,166419.0,20.0,0.0,ok,ECB reported,https://www.ecb.europa.eu/stats/pdf/monetary/lm/liq_daily_2025.zip
2025-04-19,2763961.0,2763961.0,,,,166419.0,,,not_cross_checked,ECB reported,https://data-api.ecb.europa.eu/service/data/ILM/D.U2.C.EXLIQ+L020100+L020200+MRR+A050500.U2.EUR?startPeriod=2024-09-27&format=csvdata
2025-04-20,2763961.0,2763961.0,,,,166419.0,,,not_cross_checked,ECB reported,https://data-api.ecb.europa.eu/service/data/ILM/D.U2.C.EXLIQ+L020100+L020200+MRR+A050500.U2.EUR?startPeriod=2024-09-27&format=csvdata
2025-04-21,2763961.0,2763961.0,2763961.0,199711.0,2730689.0,166419.0,20.0,0.0,ok,ECB reported,https://www.ecb.europa.eu/stats/pdf/monetary/lm/liq_daily_2025.zip
2025-04-22,2751979.0,2751979.0,2751978.0,211195.0,2707202.0,166419.0,0.0,1.0,ok,ECB reported,https://www.ecb.europa.eu/stats/pdf/monetary/lm/liq_daily_2025.zip
2025-04-23,2762038.0,2762038.0,2762038.0,254486.0,2674801.0,167149.0,100.0,0.0,ok,ECB reported,https://www.ecb.europa.eu/stats/pdf/monetary/lm/liq_daily_2025.zip
2025-04-24,2774059.0,2774059.0,2774058.0,215400.0,2726027.0,167149.0,220.0,1.0,ok,ECB reported,https://www.ecb.europa.eu/stats/pdf/monetary/lm/liq_daily_2025.zip
2025-04-25,2771539.0,2771539.0,2771540.0,181538.0,2757291.0,167149.0,140.0,-1.0,ok,ECB reported,https://www.ecb.europa.eu/stats/pdf/monetary/lm/liq_daily_2025.zip
2025-04-26,2771539.0,2771539.0,,,,167149.0,,,not_cross_checked,ECB reported,https://data-api.ecb.europa.eu/service/data/ILM/D.U2.C.EXLIQ+L020100+L020200+MRR+A050500.U2.EUR?startPeriod=2024-09-27&format=csvdata
2025-04-27,2771539.0,2771539.0,,,,167149.0,,,not_cross_checked,ECB reported,https://data-api.ecb.europa.eu/service/data/ILM/D.U2.C.EXLIQ+L020100+L020200+MRR+A050500.U2.EUR?startPeriod=2024-09-27&format=csvdata
2025-04-28,2776571.0,2776571.0,2776571.0,175261.0,2768641.0,167149.0,182.0,0.0,ok,ECB reported,https://www.ecb.europa.eu/stats/pdf/monetary/lm/liq_daily_2025.zip
2025-04-29,2743253.0,2743253.0,2743254.0,168082.0,2742327.0,167149.0,6.0,-1.0,ok,ECB reported,https://www.ecb.europa.eu/stats/pdf/monetary/lm/liq_daily_2025.zip
2025-04-30,2736799.0,2736799.0,2736799.0,168060.0,2735888.0,167149.0,0.0,0.0,ok,ECB reported,https://www.ecb.europa.eu/stats/pdf/monetary/lm/liq_daily_2025.zip
2025-05-01,2736797.0,2736797.0,2736798.0,168059.0,2735888.0,167149.0,0.0,-1.0,ok,ECB reported,https://www.ecb.europa.eu/stats/pdf/monetary/lm/liq_daily_2025.zip
2025-05-02,2767126.0,2767126.0,2767126.0,166379.0,2767921.0,167149.0,25.0,0.0,ok,ECB reported,https://www.ecb.europa.eu/stats/pdf/monetary/lm/liq_daily_2025.zip
2025-05-03,2767126.0,2767126.0,,,,167149.0,,,not_cross_checked,ECB reported,https://data-api.ecb.europa.eu/service/data/ILM/D.U2.C.EXLIQ+L020100+L020200+MRR+A050500.U2.EUR?startPeriod=2024-09-27&format=csvdata
2025-05-04,2767126.0,2767126.0,,,,167149.0,,,not_cross_checked,ECB reported,https://data-api.ecb.europa.eu/service/data/ILM/D.U2.C.EXLIQ+L020100+L020200+MRR+A050500.U2.EUR?startPeriod=2024-09-27&format=csvdata
2025-05-05,2774175.0,2774175.0,2774176.0,164910.0,2776441.0,167149.0,26.0,-1.0,ok,ECB reported,https://www.ecb.europa.eu/stats/pdf/monetary/lm/liq_daily_2025.zip
2025-05-06,2781279.0,2781279.0,2781279.0,156275.0,2792173.0,167149.0,20.0,0.0,ok,ECB reported,https://www.ecb.europa.eu/stats/pdf/monetary/lm/liq_daily_2025.zip
2025-05-07,2770969.0,2770969.0,2770969.0,157384.0,2780734.0,167149.0,0.0,0.0,ok,ECB reported,https://www.ecb.europa.eu/stats/pdf/monetary/lm/liq_daily_2025.zip
2025-05-08,2773401.0,2773401.0,2773402.0,158284.0,2782267.0,167149.0,0.0,-1.0,ok,ECB reported,https://www.ecb.europa.eu/stats/pdf/monetary/lm/liq_daily_2025.zip
2025-05-09,2775187.0,2775187.0,2775187.0,159049.0,2783287.0,167149.0,0.0,0.0,ok,ECB reported,https://www.ecb.europa.eu/stats/pdf/monetary/lm/liq_daily_2025.zip
2025-05-10,2775187.0,2775187.0,,,,167149.0,,,not_cross_checked,ECB reported,https://data-api.ecb.europa.eu/service/data/ILM/D.U2.C.EXLIQ+L020100+L020200+MRR+A050500.U2.EUR?startPeriod=2024-09-27&format=csvdata
2025-05-11,2775187.0,2775187.0,,,,167149.0,,,not_cross_checked,ECB reported,https://data-api.ecb.europa.eu/service/data/ILM/D.U2.C.EXLIQ+L020100+L020200+MRR+A050500.U2.EUR?startPeriod=2024-09-27&format=csvdata
2025-05-12,2767188.0,2767188.0,2767188.0,154422.0,2779995.0,167149.0,80.0,0.0,ok,ECB reported,https://www.ecb.europa.eu/stats/pdf/monetary/lm/liq_daily_2025.zip
2025-05-13,2776641.0,2776641.0,2776641.0,155900.0,2787940.0,167149.0,50.0,0.0,ok,ECB reported,https://www.ecb.europa.eu/stats/pdf/monetary/lm/liq_daily_2025.zip
2025-05-14,2771484.0,2771484.0,2771485.0,153666.0,2784968.0,167149.0,0.0,-1.0,ok,ECB reported,https://www.ecb.europa.eu/stats/pdf/monetary/lm/liq_daily_2025.zip
2025-05-15,2757738.0,2757738.0,2757738.0,158301.0,2766586.0,167149.0,0.0,0.0,ok,ECB reported,https://www.ecb.europa.eu/stats/pdf/monetary/lm/liq_daily_2025.zip
2025-05-16,2758613.0,2758613.0,2758614.0,158178.0,2767585.0,167149.0,0.0,-1.0,ok,ECB reported,https://www.ecb.europa.eu/stats/pdf/monetary/lm/liq_daily_2025.zip
2025-05-17,2758613.0,2758613.0,,,,167149.0,,,not_cross_checked,ECB reported,https://data-api.ecb.europa.eu/service/data/ILM/D.U2.C.EXLIQ+L020100+L020200+MRR+A050500.U2.EUR?startPeriod=2024-09-27&format=csvdata
2025-05-18,2758613.0,2758613.0,,,,167149.0,,,not_cross_checked,ECB reported,https://data-api.ecb.europa.eu/service/data/ILM/D.U2.C.EXLIQ+L020100+L020200+MRR+A050500.U2.EUR?startPeriod=2024-09-27&format=csvdata
2025-05-19,2761630.0,2761630.0,2761630.0,159569.0,2769210.0,167149.0,0.0,0.0,ok,ECB reported,https://www.ecb.europa.eu/stats/pdf/monetary/lm/liq_daily_2025.zip
2025-05-20,2757896.0,2757896.0,2757896.0,157483.0,2767584.0,167149.0,22.0,0.0,ok,ECB reported,https://www.ecb.europa.eu/stats/pdf/monetary/lm/liq_daily_2025.zip
2025-05-21,2760815.0,2760815.0,2760816.0,160079.0,2768048.0,167149.0,162.0,-1.0,ok,ECB reported,https://www.ecb.europa.eu/stats/pdf/monetary/lm/liq_daily_2025.zip
2025-05-22,2756821.0,2756821.0,2756822.0,156013.0,2768013.0,167149.0,55.0,-1.0,ok,ECB reported,https://www.ecb.europa.eu/stats/pdf/monetary/lm/liq_daily_2025.zip
2025-05-23,2752009.0,2752009.0,2752010.0,161522.0,2757692.0,167149.0,55.0,-1.0,ok,ECB reported,https://www.ecb.europa.eu/stats/pdf/monetary/lm/liq_daily_2025.zip
2025-05-24,2752009.0,2752009.0,,,,167149.0,,,not_cross_checked,ECB reported,https://data-api.ecb.europa.eu/service/data/ILM/D.U2.C.EXLIQ+L020100+L020200+MRR+A050500.U2.EUR?startPeriod=2024-09-27&format=csvdata
2025-05-25,2752009.0,2752009.0,,,,167149.0,,,not_cross_checked,ECB reported,https://data-api.ecb.europa.eu/service/data/ILM/D.U2.C.EXLIQ+L020100+L020200+MRR+A050500.U2.EUR?startPeriod=2024-09-27&format=csvdata
2025-05-26,2718232.0,2718232.0,2718232.0,155834.0,2729610.0,167149.0,63.0,0.0,ok,ECB reported,https://www.ecb.europa.eu/stats/pdf/monetary/lm/liq_daily_2025.zip
2025-05-27,2712893.0,2712893.0,2712894.0,158041.0,2722124.0,167149.0,122.0,-1.0,ok,ECB reported,https://www.ecb.europa.eu/stats/pdf/monetary/lm/liq_daily_2025.zip
2025-05-28,2718046.0,2718046.0,2718045.0,159131.0,2726133.0,167149.0,70.0,1.0,ok,ECB reported,https://www.ecb.europa.eu/stats/pdf/monetary/lm/liq_daily_2025.zip
2025-05-29,2709941.0,2709941.0,2709941.0,176178.0,2700954.0,167149.0,42.0,0.0,ok,ECB reported,https://www.ecb.europa.eu/stats/pdf/monetary/lm/liq_daily_2025.zip
2025-05-30,2702712.0,2702712.0,2702712.0,165634.0,2704410.0,167149.0,183.0,0.0,ok,ECB reported,https://www.ecb.europa.eu/stats/pdf/monetary/lm/liq_daily_2025.zip
2025-05-31,2702712.0,2702712.0,,,,167149.0,,,not_cross_checked,ECB reported,https://data-api.ecb.europa.eu/service/data/ILM/D.U2.C.EXLIQ+L020100+L020200+MRR+A050500.U2.EUR?startPeriod=2024-09-27&format=csvdata
2025-06-01,2702712.0,2702712.0,,,,167149.0,,,not_cross_checked,ECB reported,https://data-api.ecb.europa.eu/service/data/ILM/D.U2.C.EXLIQ+L020100+L020200+MRR+A050500.U2.EUR?startPeriod=2024-09-27&format=csvdata
2025-06-02,2705378.0,2705378.0,2705378.0,195654.0,2676973.0,167149.0,100.0,0.0,ok,ECB reported,https://www.ecb.europa.eu/stats/pdf/monetary/lm/liq_daily_2025.zip
2025-06-03,2715159.0,2715159.0,2715160.0,187337.0,2695043.0,167149.0,71.0,-1.0,ok,ECB reported,https://www.ecb.europa.eu/stats/pdf/monetary/lm/liq_daily_2025.zip
2025-06-04,2710288.0,2710288.0,2710289.0,186213.0,2691225.0,167149.0,0.0,-1.0,ok,ECB reported,https://www.ecb.europa.eu/stats/pdf/monetary/lm/liq_daily_2025.zip
2025-06-05,2707809.0,2707809.0,2707809.0,185276.0,2689682.0,167149.0,0.0,0.0,ok,ECB reported,https://www.ecb.europa.eu/stats/pdf/monetary/lm/liq_daily_2025.zip
2025-06-06,2703007.0,2703007.0,2703007.0,202615.0,2667541.0,167149.0,0.0,0.0,ok,ECB reported,https://www.ecb.europa.eu/stats/pdf/monetary/lm/liq_daily_2025.zip
2025-06-07,2703007.0,2703007.0,,,,167149.0,,,not_cross_checked,ECB reported,https://data-api.ecb.europa.eu/service/data/ILM/D.U2.C.EXLIQ+L020100+L020200+MRR+A050500.U2.EUR?startPeriod=2024-09-27&format=csvdata
2025-06-08,2703007.0,2703007.0,,,,167149.0,,,not_cross_checked,ECB reported,https://data-api.ecb.europa.eu/service/data/ILM/D.U2.C.EXLIQ+L020100+L020200+MRR+A050500.U2.EUR?startPeriod=2024-09-27&format=csvdata
2025-06-09,2701862.0,2701862.0,2701862.0,243745.0,2625266.0,167149.0,0.0,0.0,ok,ECB reported,https://www.ecb.europa.eu/stats/pdf/monetary/lm/liq_daily_2025.zip
2025-06-10,2701797.0,2701797.0,2701797.0,189156.0,2679798.0,167149.0,8.0,0.0,ok,ECB reported,https://www.ecb.europa.eu/stats/pdf/monetary/lm/liq_daily_2025.zip
2025-06-11,2703261.0,2703261.0,2703261.0,230734.0,2639568.0,167033.0,8.0,0.0,ok,ECB reported,https://www.ecb.europa.eu/stats/pdf/monetary/lm/liq_daily_2025.zip
2025-06-12,2711738.0,2711738.0,2711737.0,202269.0,2676532.0,167033.0,31.0,1.0,ok,ECB reported,https://www.ecb.europa.eu/stats/pdf/monetary/lm/liq_daily_2025.zip
2025-06-13,2703242.0,2703242.0,2703242.0,184563.0,2685712.0,167033.0,0.0,0.0,ok,ECB reported,https://www.ecb.europa.eu/stats/pdf/monetary/lm/liq_daily_2025.zip
2025-06-14,2703242.0,2703242.0,,,,167033.0,,,not_cross_checked,ECB reported,https://data-api.ecb.europa.eu/service/data/ILM/D.U2.C.EXLIQ+L020100+L020200+MRR+A050500.U2.EUR?startPeriod=2024-09-27&format=csvdata
2025-06-15,2703242.0,2703242.0,,,,167033.0,,,not_cross_checked,ECB reported,https://data-api.ecb.europa.eu/service/data/ILM/D.U2.C.EXLIQ+L020100+L020200+MRR+A050500.U2.EUR?startPeriod=2024-09-27&format=csvdata
2025-06-16,2708214.0,2708214.0,2708215.0,164088.0,2711169.0,167033.0,9.0,-1.0,ok,ECB reported,https://www.ecb.europa.eu/stats/pdf/monetary/lm/liq_daily_2025.zip
2025-06-17,2716241.0,2716241.0,2716241.0,158647.0,2724668.0,167033.0,41.0,0.0,ok,ECB reported,https://www.ecb.europa.eu/stats/pdf/monetary/lm/liq_daily_2025.zip
2025-06-18,2715878.0,2715878.0,2715878.0,161017.0,2721951.0,167033.0,57.0,0.0,ok,ECB reported,https://www.ecb.europa.eu/stats/pdf/monetary/lm/liq_daily_2025.zip
2025-06-19,2708048.0,2708048.0,2708048.0,171236.0,2703867.0,167033.0,22.0,0.0,ok,ECB reported,https://www.ecb.europa.eu/stats/pdf/monetary/lm/liq_daily_2025.zip
2025-06-20,2714386.0,2714386.0,2714385.0,161891.0,2719551.0,167033.0,24.0,1.0,ok,ECB reported,https://www.ecb.europa.eu/stats/pdf/monetary/lm/liq_daily_2025.zip
2025-06-21,2714386.0,2714386.0,,,,167033.0,,,not_cross_checked,ECB reported,https://data-api.ecb.europa.eu/service/data/ILM/D.U2.C.EXLIQ+L020100+L020200+MRR+A050500.U2.EUR?startPeriod=2024-09-27&format=csvdata
2025-06-22,2714386.0,2714386.0,,,,167033.0,,,not_cross_checked,ECB reported,https://data-api.ecb.europa.eu/service/data/ILM/D.U2.C.EXLIQ+L020100+L020200+MRR+A050500.U2.EUR?startPeriod=2024-09-27&format=csvdata
2025-06-23,2710116.0,2710116.0,2710115.0,162798.0,2714360.0,167033.0,10.0,1.0,ok,ECB reported,https://www.ecb.europa.eu/stats/pdf/monetary/lm/liq_daily_2025.zip
2025-06-24,2705814.0,2705814.0,2705815.0,162942.0,2709927.0,167033.0,21.0,-1.0,ok,ECB reported,https://www.ecb.europa.eu/stats/pdf/monetary/lm/liq_daily_2025.zip
2025-06-25,2691991.0,2691991.0,2691991.0,159952.0,2699120.0,167033.0,48.0,0.0,ok,ECB reported,https://www.ecb.europa.eu/stats/pdf/monetary/lm/liq_daily_2025.zip
2025-06-26,2694394.0,2694394.0,2694394.0,159353.0,2702082.0,167033.0,8.0,0.0,ok,ECB reported,https://www.ecb.europa.eu/stats/pdf/monetary/lm/liq_daily_2025.zip
2025-06-27,2677229.0,2677229.0,2677228.0,163844.0,2680603.0,167033.0,186.0,1.0,ok,ECB reported,https://www.ecb.europa.eu/stats/pdf/monetary/lm/liq_daily_2025.zip
2025-06-28,2677229.0,2677229.0,,,,167033.0,,,not_cross_checked,ECB reported,https://data-api.ecb.europa.eu/service/data/ILM/D.U2.C.EXLIQ+L020100+L020200+MRR+A050500.U2.EUR?startPeriod=2024-09-27&format=csvdata
2025-06-29,2677229.0,2677229.0,,,,167033.0,,,not_cross_checked,ECB reported,https://data-api.ecb.europa.eu/service/data/ILM/D.U2.C.EXLIQ+L020100+L020200+MRR+A050500.U2.EUR?startPeriod=2024-09-27&format=csvdata
2025-06-30,2671479.0,2671479.0,2671479.0,167961.0,2670671.0,167033.0,120.0,0.0,ok,ECB reported,https://www.ecb.europa.eu/stats/pdf/monetary/lm/liq_daily_2025.zip
2025-07-01,2674268.0,2674268.0,2674268.0,165902.0,2675435.0,167033.0,36.0,0.0,ok,ECB reported,https://www.ecb.europa.eu/stats/pdf/monetary/lm/liq_daily_2025.zip
2025-07-02,2668383.0,2668383.0,2668383.0,159712.0,2675809.0,167033.0,105.0,0.0,ok,ECB reported,https://www.ecb.europa.eu/stats/pdf/monetary/lm/liq_daily_2025.zip
2025-07-03,2664565.0,2664565.0,2664564.0,157531.0,2674067.0,167033.0,1.0,1.0,ok,ECB reported,https://www.ecb.europa.eu/stats/pdf/monetary/lm/liq_daily_2025.zip
2025-07-04,2682202.0,2682202.0,2682201.0,165971.0,2683278.0,167033.0,15.0,1.0,ok,ECB reported,https://www.ecb.europa.eu/stats/pdf/monetary/lm/liq_daily_2025.zip
2025-07-05,2682202.0,2682202.0,,,,167033.0,,,not_cross_checked,ECB reported,https://data-api.ecb.europa.eu/service/data/ILM/D.U2.C.EXLIQ+L020100+L020200+MRR+A050500.U2.EUR?startPeriod=2024-09-27&format=csvdata
2025-07-06,2682202.0,2682202.0,,,,167033.0,,,not_cross_checked,ECB reported,https://data-api.ecb.europa.eu/service/data/ILM/D.U2.C.EXLIQ+L020100+L020200+MRR+A050500.U2.EUR?startPeriod=2024-09-27&format=csvdata
2025-07-07,2684482.0,2684482.0,2684481.0,162781.0,2688745.0,167033.0,12.0,1.0,ok,ECB reported,https://www.ecb.europa.eu/stats/pdf/monetary/lm/liq_daily_2025.zip
2025-07-08,2685696.0,2685696.0,2685695.0,161696.0,2691051.0,167033.0,19.0,1.0,ok,ECB reported,https://www.ecb.europa.eu/stats/pdf/monetary/lm/liq_daily_2025.zip
2025-07-09,2669896.0,2669896.0,2669895.0,162611.0,2674337.0,167033.0,20.0,1.0,ok,ECB reported,https://www.ecb.europa.eu/stats/pdf/monetary/lm/liq_daily_2025.zip
2025-07-10,2668912.0,2668912.0,2668912.0,160170.0,2675775.0,167033.0,0.0,0.0,ok,ECB reported,https://www.ecb.europa.eu/stats/pdf/monetary/lm/liq_daily_2025.zip
2025-07-11,2671694.0,2671694.0,2671694.0,162453.0,2676274.0,167033.0,0.0,0.0,ok,ECB reported,https://www.ecb.europa.eu/stats/pdf/monetary/lm/liq_daily_2025.zip
2025-07-12,2671694.0,2671694.0,,,,167033.0,,,not_cross_checked,ECB reported,https://data-api.ecb.europa.eu/service/data/ILM/D.U2.C.EXLIQ+L020100+L020200+MRR+A050500.U2.EUR?startPeriod=2024-09-27&format=csvdata
2025-07-13,2671694.0,2671694.0,,,,167033.0,,,not_cross_checked,ECB reported,https://data-api.ecb.europa.eu/service/data/ILM/D.U2.C.EXLIQ+L020100+L020200+MRR+A050500.U2.EUR?startPeriod=2024-09-27&format=csvdata
2025-07-14,2661194.0,2661194.0,2661194.0,168051.0,2660187.0,167033.0,11.0,0.0,ok,ECB reported,https://www.ecb.europa.eu/stats/pdf/monetary/lm/liq_daily_2025.zip
2025-07-15,2648100.0,2648100.0,2648100.0,159229.0,2655910.0,167033.0,6.0,0.0,ok,ECB reported,https://www.ecb.europa.eu/stats/pdf/monetary/lm/liq_daily_2025.zip
2025-07-16,2641995.0,2641995.0,2641995.0,167774.0,2641261.0,167033.0,7.0,0.0,ok,ECB reported,https://www.ecb.europa.eu/stats/pdf/monetary/lm/liq_daily_2025.zip
2025-07-17,2638090.0,2638090.0,2638089.0,159519.0,2645616.0,167033.0,13.0,1.0,ok,ECB reported,https://www.ecb.europa.eu/stats/pdf/monetary/lm/liq_daily_2025.zip
2025-07-18,2625311.0,2625311.0,2625311.0,158290.0,2634054.0,167033.0,0.0,0.0,ok,ECB reported,https://www.ecb.europa.eu/stats/pdf/monetary/lm/liq_daily_2025.zip
2025-07-19,2625311.0,2625311.0,,,,167033.0,,,not_cross_checked,ECB reported,https://data-api.ecb.europa.eu/service/data/ILM/D.U2.C.EXLIQ+L020100+L020200+MRR+A050500.U2.EUR?startPeriod=2024-09-27&format=csvdata
2025-07-20,2625311.0,2625311.0,,,,167033.0,,,not_cross_checked,ECB reported,https://data-api.ecb.europa.eu/service/data/ILM/D.U2.C.EXLIQ+L020100+L020200+MRR+A050500.U2.EUR?startPeriod=2024-09-27&format=csvdata
2025-07-21,2634270.0,2634270.0,2634270.0,175860.0,2625443.0,167033.0,0.0,0.0,ok,ECB reported,https://www.ecb.europa.eu/stats/pdf/monetary/lm/liq_daily_2025.zip
2025-07-22,2638865.0,2638865.0,2638864.0,185407.0,2620493.0,167033.0,3.0,1.0,ok,ECB reported,https://www.ecb.europa.eu/stats/pdf/monetary/lm/liq_daily_2025.zip
2025-07-23,2655103.0,2655103.0,2655103.0,184168.0,2637969.0,167033.0,1.0,0.0,ok,ECB reported,https://www.ecb.europa.eu/stats/pdf/monetary/lm/liq_daily_2025.zip
2025-07-24,2652612.0,2652612.0,2652611.0,196948.0,2622697.0,167033.0,1.0,1.0,ok,ECB reported,https://www.ecb.europa.eu/stats/pdf/monetary/lm/liq_daily_2025.zip
2025-07-25,2652133.0,2652133.0,2652132.0,194773.0,2624495.0,167033.0,103.0,1.0,ok,ECB reported,https://www.ecb.europa.eu/stats/pdf/monetary/lm/liq_daily_2025.zip
2025-07-26,2652133.0,2652133.0,,,,167033.0,,,not_cross_checked,ECB reported,https://data-api.ecb.europa.eu/service/data/ILM/D.U2.C.EXLIQ+L020100+L020200+MRR+A050500.U2.EUR?startPeriod=2024-09-27&format=csvdata
2025-07-27,2652133.0,2652133.0,,,,167033.0,,,not_cross_checked,ECB reported,https://data-api.ecb.europa.eu/service/data/ILM/D.U2.C.EXLIQ+L020100+L020200+MRR+A050500.U2.EUR?startPeriod=2024-09-27&format=csvdata
2025-07-28,2654230.0,2654230.0,2654230.0,230847.0,2590543.0,167033.0,127.0,0.0,ok,ECB reported,https://www.ecb.europa.eu/stats/pdf/monetary/lm/liq_daily_2025.zip
2025-07-29,2646658.0,2646658.0,2646658.0,196506.0,2617210.0,167033.0,25.0,0.0,ok,ECB reported,https://www.ecb.europa.eu/stats/pdf/monetary/lm/liq_daily_2025.zip
2025-07-30,2630574.0,2630574.0,2630574.0,243713.0,2554861.0,167952.0,48.0,0.0,ok,ECB reported,https://www.ecb.europa.eu/stats/pdf/monetary/lm/liq_daily_2025.zip
2025-07-31,2608553.0,2608553.0,2608553.0,210541.0,2565964.0,167952.0,0.0,0.0,ok,ECB reported,https://www.ecb.europa.eu/stats/pdf/monetary/lm/liq_daily_2025.zip
2025-08-01,2618489.0,2618489.0,2618488.0,190125.0,2596315.0,167952.0,0.0,1.0,ok,ECB reported,https://www.ecb.europa.eu/stats/pdf/monetary/lm/liq_daily_2025.zip
2025-08-02,2618489.0,2618489.0,,,,167952.0,,,not_cross_checked,ECB reported,https://data-api.ecb.europa.eu/service/data/ILM/D.U2.C.EXLIQ+L020100+L020200+MRR+A050500.U2.EUR?startPeriod=2024-09-27&format=csvdata
2025-08-03,2618489.0,2618489.0,,,,167952.0,,,not_cross_checked,ECB reported,https://data-api.ecb.europa.eu/service/data/ILM/D.U2.C.EXLIQ+L020100+L020200+MRR+A050500.U2.EUR?startPeriod=2024-09-27&format=csvdata
2025-08-04,2619739.0,2619739.0,2619739.0,176156.0,2611535.0,167952.0,0.0,0.0,ok,ECB reported,https://www.ecb.europa.eu/stats/pdf/monetary/lm/liq_daily_2025.zip
2025-08-05,2624144.0,2624144.0,2624145.0,163388.0,2628712.0,167952.0,3.0,-1.0,ok,ECB reported,https://www.ecb.europa.eu/stats/pdf/monetary/lm/liq_daily_2025.zip
2025-08-06,2633155.0,2633155.0,2633155.0,159610.0,2641504.0,167952.0,7.0,0.0,ok,ECB reported,https://www.ecb.europa.eu/stats/pdf/monetary/lm/liq_daily_2025.zip
2025-08-07,2628879.0,2628879.0,2628879.0,163367.0,2633466.0,167952.0,2.0,0.0,ok,ECB reported,https://www.ecb.europa.eu/stats/pdf/monetary/lm/liq_daily_2025.zip
2025-08-08,2661084.0,2661084.0,2661084.0,159564.0,2669472.0,167952.0,0.0,0.0,ok,ECB reported,https://www.ecb.europa.eu/stats/pdf/monetary/lm/liq_daily_2025.zip
2025-08-09,2661084.0,2661084.0,,,,167952.0,,,not_cross_checked,ECB reported,https://data-api.ecb.europa.eu/service/data/ILM/D.U2.C.EXLIQ+L020100+L020200+MRR+A050500.U2.EUR?startPeriod=2024-09-27&format=csvdata
2025-08-10,2661084.0,2661084.0,,,,167952.0,,,not_cross_checked,ECB reported,https://data-api.ecb.europa.eu/service/data/ILM/D.U2.C.EXLIQ+L020100+L020200+MRR+A050500.U2.EUR?startPeriod=2024-09-27&format=csvdata
2025-08-11,2672335.0,2672335.0,2672334.0,159923.0,2680365.0,167952.0,2.0,1.0,ok,ECB reported,https://www.ecb.europa.eu/stats/pdf/monetary/lm/liq_daily_2025.zip
2025-08-12,2657526.0,2657526.0,2657526.0,162395.0,2663083.0,167952.0,0.0,0.0,ok,ECB reported,https://www.ecb.europa.eu/stats/pdf/monetary/lm/liq_daily_2025.zip
2025-08-13,2669279.0,2669279.0,2669279.0,159399.0,2677833.0,167952.0,1.0,0.0,ok,ECB reported,https://www.ecb.europa.eu/stats/pdf/monetary/lm/liq_daily_2025.zip
2025-08-14,2669782.0,2669782.0,2669782.0,160576.0,2677158.0,167952.0,0.0,0.0,ok,ECB reported,https://www.ecb.europa.eu/stats/pdf/monetary/lm/liq_daily_2025.zip
2025-08-15,2640865.0,2640865.0,2640865.0,167923.0,2640894.0,167952.0,0.0,0.0,ok,ECB reported,https://www.ecb.europa.eu/stats/pdf/monetary/lm/liq_daily_2025.zip
2025-08-16,2640865.0,2640865.0,,,,167952.0,,,not_cross_checked,ECB reported,https://data-api.ecb.europa.eu/service/data/ILM/D.U2.C.EXLIQ+L020100+L020200+MRR+A050500.U2.EUR?startPeriod=2024-09-27&format=csvdata
2025-08-17,2640865.0,2640865.0,,,,167952.0,,,not_cross_checked,ECB reported,https://data-api.ecb.europa.eu/service/data/ILM/D.U2.C.EXLIQ+L020100+L020200+MRR+A050500.U2.EUR?startPeriod=2024-09-27&format=csvdata
2025-08-18,2648668.0,2648668.0,2648668.0,159547.0,2657077.0,167952.0,4.0,0.0,ok,ECB reported,https://www.ecb.europa.eu/stats/pdf/monetary/lm/liq_daily_2025.zip
2025-08-19,2654574.0,2654574.0,2654574.0,156625.0,2665907.0,167952.0,6.0,0.0,ok,ECB reported,https://www.ecb.europa.eu/stats/pdf/monetary/lm/liq_daily_2025.zip
2025-08-20,2655145.0,2655145.0,2655144.0,158365.0,2664731.0,167952.0,0.0,1.0,ok,ECB reported,https://www.ecb.europa.eu/stats/pdf/monetary/lm/liq_daily_2025.zip
2025-08-21,2656676.0,2656676.0,2656676.0,158204.0,2666424.0,167952.0,0.0,0.0,ok,ECB reported,https://www.ecb.europa.eu/stats/pdf/monetary/lm/liq_daily_2025.zip
2025-08-22,2653392.0,2653392.0,2653392.0,158332.0,2663012.0,167952.0,0.0,0.0,ok,ECB reported,https://www.ecb.europa.eu/stats/pdf/monetary/lm/liq_daily_2025.zip
2025-08-23,2653392.0,2653392.0,,,,167952.0,,,not_cross_checked,ECB reported,https://data-api.ecb.europa.eu/service/data/ILM/D.U2.C.EXLIQ+L020100+L020200+MRR+A050500.U2.EUR?startPeriod=2024-09-27&format=csvdata
2025-08-24,2653392.0,2653392.0,,,,167952.0,,,not_cross_checked,ECB reported,https://data-api.ecb.europa.eu/service/data/ILM/D.U2.C.EXLIQ+L020100+L020200+MRR+A050500.U2.EUR?startPeriod=2024-09-27&format=csvdata
2025-08-25,2662553.0,2662553.0,2662553.0,159213.0,2671329.0,167952.0,37.0,0.0,ok,ECB reported,https://www.ecb.europa.eu/stats/pdf/monetary/lm/liq_daily_2025.zip
2025-08-26,2668118.0,2668118.0,2668118.0,160735.0,2675373.0,167952.0,38.0,0.0,ok,ECB reported,https://www.ecb.europa.eu/stats/pdf/monetary/lm/liq_daily_2025.zip
2025-08-27,2667559.0,2667559.0,2667559.0,161627.0,2674227.0,167952.0,343.0,0.0,ok,ECB reported,https://www.ecb.europa.eu/stats/pdf/monetary/lm/liq_daily_2025.zip
2025-08-28,2660580.0,2660580.0,2660580.0,162578.0,2666276.0,167952.0,322.0,0.0,ok,ECB reported,https://www.ecb.europa.eu/stats/pdf/monetary/lm/liq_daily_2025.zip
2025-08-29,2656167.0,2656167.0,2656167.0,171203.0,2653266.0,167952.0,350.0,0.0,ok,ECB reported,https://www.ecb.europa.eu/stats/pdf/monetary/lm/liq_daily_2025.zip
2025-08-30,2656167.0,2656167.0,,,,167952.0,,,not_cross_checked,ECB reported,https://data-api.ecb.europa.eu/service/data/ILM/D.U2.C.EXLIQ+L020100+L020200+MRR+A050500.U2.EUR?startPeriod=2024-09-27&format=csvdata
2025-08-31,2656167.0,2656167.0,,,,167952.0,,,not_cross_checked,ECB reported,https://data-api.ecb.europa.eu/service/data/ILM/D.U2.C.EXLIQ+L020100+L020200+MRR+A050500.U2.EUR?startPeriod=2024-09-27&format=csvdata
2025-09-01,2659521.0,2659521.0,2659520.0,165763.0,2662010.0,167952.0,301.0,1.0,ok,ECB reported,https://www.ecb.europa.eu/stats/pdf/monetary/lm/liq_daily_2025.zip
2025-09-02,2660665.0,2660665.0,2660664.0,163974.0,2664942.0,167952.0,300.0,1.0,ok,ECB reported,https://www.ecb.europa.eu/stats/pdf/monetary/lm/liq_daily_2025.zip
2025-09-03,2654267.0,2654267.0,2654266.0,159564.0,2662676.0,167952.0,22.0,1.0,ok,ECB reported,https://www.ecb.europa.eu/stats/pdf/monetary/lm/liq_daily_2025.zip
2025-09-04,2648354.0,2648354.0,2648354.0,158923.0,2657383.0,167952.0,0.0,0.0,ok,ECB reported,https://www.ecb.europa.eu/stats/pdf/monetary/lm/liq_daily_2025.zip
2025-09-05,2649793.0,2649793.0,2649793.0,160878.0,2656867.0,167952.0,0.0,0.0,ok,ECB reported,https://www.ecb.europa.eu/stats/pdf/monetary/lm/liq_daily_2025.zip
2025-09-06,2649793.0,2649793.0,,,,167952.0,,,not_cross_checked,ECB reported,https://data-api.ecb.europa.eu/service/data/ILM/D.U2.C.EXLIQ+L020100+L020200+MRR+A050500.U2.EUR?startPeriod=2024-09-27&format=csvdata
2025-09-07,2649793.0,2649793.0,,,,167952.0,,,not_cross_checked,ECB reported,https://data-api.ecb.europa.eu/service/data/ILM/D.U2.C.EXLIQ+L020100+L020200+MRR+A050500.U2.EUR?startPeriod=2024-09-27&format=csvdata
2025-09-08,2648385.0,2648385.0,2648384.0,176567.0,2639771.0,167952.0,2.0,1.0,ok,ECB reported,https://www.ecb.europa.eu/stats/pdf/monetary/lm/liq_daily_2025.zip
2025-09-09,2646793.0,2646793.0,2646792.0,182994.0,2631751.0,167952.0,1.0,1.0,ok,ECB reported,https://www.ecb.europa.eu/stats/pdf/monetary/lm/liq_daily_2025.zip
2025-09-10,2650651.0,2650651.0,2650650.0,186272.0,2632394.0,167952.0,64.0,1.0,ok,ECB reported,https://www.ecb.europa.eu/stats/pdf/monetary/lm/liq_daily_2025.zip
2025-09-11,2650476.0,2650476.0,2650476.0,194335.0,2624094.0,167952.0,1.0,0.0,ok,ECB reported,https://www.ecb.europa.eu/stats/pdf/monetary/lm/liq_daily_2025.zip
2025-09-12,2648489.0,2648489.0,2648489.0,211128.0,2605313.0,167952.0,0.0,0.0,ok,ECB reported,https://www.ecb.europa.eu/stats/pdf/monetary/lm/liq_daily_2025.zip
2025-09-13,2648489.0,2648489.0,,,,167952.0,,,not_cross_checked,ECB reported,https://data-api.ecb.europa.eu/service/data/ILM/D.U2.C.EXLIQ+L020100+L020200+MRR+A050500.U2.EUR?startPeriod=2024-09-27&format=csvdata
2025-09-14,2648489.0,2648489.0,,,,167952.0,,,not_cross_checked,ECB reported,https://data-api.ecb.europa.eu/service/data/ILM/D.U2.C.EXLIQ+L020100+L020200+MRR+A050500.U2.EUR?startPeriod=2024-09-27&format=csvdata
2025-09-15,2632992.0,2632992.0,2632992.0,225850.0,2575104.0,167952.0,10.0,0.0,ok,ECB reported,https://www.ecb.europa.eu/stats/pdf/monetary/lm/liq_daily_2025.zip
2025-09-16,2625202.0,2625202.0,2625201.0,175969.0,2617197.0,167952.0,13.0,1.0,ok,ECB reported,https://www.ecb.europa.eu/stats/pdf/monetary/lm/liq_daily_2025.zip
2025-09-17,2624201.0,2624201.0,2624201.0,235872.0,2556265.0,167936.0,0.0,0.0,ok,ECB reported,https://www.ecb.europa.eu/stats/pdf/monetary/lm/liq_daily_2025.zip
2025-09-18,2619087.0,2619087.0,2619087.0,196455.0,2590574.0,167936.0,6.0,0.0,ok,ECB reported,https://www.ecb.europa.eu/stats/pdf/monetary/lm/liq_daily_2025.zip
2025-09-19,2614326.0,2614326.0,2614327.0,184238.0,2598031.0,167936.0,6.0,-1.0,ok,ECB reported,https://www.ecb.europa.eu/stats/pdf/monetary/lm/liq_daily_2025.zip
2025-09-20,2614326.0,2614326.0,,,,167936.0,,,not_cross_checked,ECB reported,https://data-api.ecb.europa.eu/service/data/ILM/D.U2.C.EXLIQ+L020100+L020200+MRR+A050500.U2.EUR?startPeriod=2024-09-27&format=csvdata
2025-09-21,2614326.0,2614326.0,,,,167936.0,,,not_cross_checked,ECB reported,https://data-api.ecb.europa.eu/service/data/ILM/D.U2.C.EXLIQ+L020100+L020200+MRR+A050500.U2.EUR?startPeriod=2024-09-27&format=csvdata
2025-09-22,2619138.0,2619138.0,2619138.0,174455.0,2612629.0,167936.0,10.0,0.0,ok,ECB reported,https://www.ecb.europa.eu/stats/pdf/monetary/lm/liq_daily_2025.zip
2025-09-23,2626772.0,2626772.0,2626771.0,169530.0,2625202.0,167936.0,25.0,1.0,ok,ECB reported,https://www.ecb.europa.eu/stats/pdf/monetary/lm/liq_daily_2025.zip
2025-09-24,2634680.0,2634680.0,2634680.0,159727.0,2642910.0,167936.0,21.0,0.0,ok,ECB reported,https://www.ecb.europa.eu/stats/pdf/monetary/lm/liq_daily_2025.zip
2025-09-25,2625756.0,2625756.0,2625755.0,163228.0,2630487.0,167936.0,24.0,1.0,ok,ECB reported,https://www.ecb.europa.eu/stats/pdf/monetary/lm/liq_daily_2025.zip
2025-09-26,2617213.0,2617213.0,2617213.0,158920.0,2626253.0,167936.0,24.0,0.0,ok,ECB reported,https://www.ecb.europa.eu/stats/pdf/monetary/lm/liq_daily_2025.zip
2025-09-27,2617213.0,2617213.0,,,,167936.0,,,not_cross_checked,ECB reported,https://data-api.ecb.europa.eu/service/data/ILM/D.U2.C.EXLIQ+L020100+L020200+MRR+A050500.U2.EUR?startPeriod=2024-09-27&format=csvdata
2025-09-28,2617213.0,2617213.0,,,,167936.0,,,not_cross_checked,ECB reported,https://data-api.ecb.europa.eu/service/data/ILM/D.U2.C.EXLIQ+L020100+L020200+MRR+A050500.U2.EUR?startPeriod=2024-09-27&format=csvdata
2025-09-29,2618397.0,2618397.0,2618396.0,161850.0,2624504.0,167936.0,22.0,1.0,ok,ECB reported,https://www.ecb.europa.eu/stats/pdf/monetary/lm/liq_daily_2025.zip
2025-09-30,2609343.0,2609343.0,2609343.0,170212.0,2607207.0,167936.0,140.0,0.0,ok,ECB reported,https://www.ecb.europa.eu/stats/pdf/monetary/lm/liq_daily_2025.zip
2025-10-01,2609854.0,2609854.0,2609853.0,166706.0,2611083.0,167936.0,0.0,1.0,ok,ECB reported,https://www.ecb.europa.eu/stats/pdf/monetary/lm/liq_daily_2025.zip
2025-10-02,2608627.0,2608627.0,2608627.0,165532.0,2611031.0,167936.0,0.0,0.0,ok,ECB reported,https://www.ecb.europa.eu/stats/pdf/monetary/lm/liq_daily_2025.zip
2025-10-03,2600430.0,2600430.0,2600430.0,175888.0,2592478.0,167936.0,0.0,0.0,ok,ECB reported,https://www.ecb.europa.eu/stats/pdf/monetary/lm/liq_daily_2025.zip
2025-10-04,2600430.0,2600430.0,,,,167936.0,,,not_cross_checked,ECB reported,https://data-api.ecb.europa.eu/service/data/ILM/D.U2.C.EXLIQ+L020100+L020200+MRR+A050500.U2.EUR?startPeriod=2024-09-27&format=csvdata
2025-10-05,2600430.0,2600430.0,,,,167936.0,,,not_cross_checked,ECB reported,https://data-api.ecb.europa.eu/service/data/ILM/D.U2.C.EXLIQ+L020100+L020200+MRR+A050500.U2.EUR?startPeriod=2024-09-27&format=csvdata
2025-10-06,2604553.0,2604553.0,2604554.0,161725.0,2611997.0,167936.0,1232.0,-1.0,ok,ECB reported,https://www.ecb.europa.eu/stats/pdf/monetary/lm/liq_daily_2025.zip
2025-10-07,2596489.0,2596489.0,2596489.0,162037.0,2602388.0,167936.0,0.0,0.0,ok,ECB reported,https://www.ecb.europa.eu/stats/pdf/monetary/lm/liq_daily_2025.zip
2025-10-08,2601705.0,2601705.0,2601705.0,160616.0,2609025.0,167936.0,0.0,0.0,ok,ECB reported,https://www.ecb.europa.eu/stats/pdf/monetary/lm/liq_daily_2025.zip
2025-10-09,2597801.0,2597801.0,2597801.0,161601.0,2604136.0,167936.0,0.0,0.0,ok,ECB reported,https://www.ecb.europa.eu/stats/pdf/monetary/lm/liq_daily_2025.zip
2025-10-10,2584964.0,2584964.0,2584964.0,161976.0,2590929.0,167936.0,5.0,0.0,ok,ECB reported,https://www.ecb.europa.eu/stats/pdf/monetary/lm/liq_daily_2025.zip
2025-10-11,2584964.0,2584964.0,,,,167936.0,,,not_cross_checked,ECB reported,https://data-api.ecb.europa.eu/service/data/ILM/D.U2.C.EXLIQ+L020100+L020200+MRR+A050500.U2.EUR?startPeriod=2024-09-27&format=csvdata
2025-10-12,2584964.0,2584964.0,,,,167936.0,,,not_cross_checked,ECB reported,https://data-api.ecb.europa.eu/service/data/ILM/D.U2.C.EXLIQ+L020100+L020200+MRR+A050500.U2.EUR?startPeriod=2024-09-27&format=csvdata
2025-10-13,2574164.0,2574164.0,2574164.0,162390.0,2579721.0,167936.0,11.0,0.0,ok,ECB reported,https://www.ecb.europa.eu/stats/pdf/monetary/lm/liq_daily_2025.zip
2025-10-14,2565058.0,2565058.0,2565058.0,163512.0,2569492.0,167936.0,10.0,0.0,ok,ECB reported,https://www.ecb.europa.eu/stats/pdf/monetary/lm/liq_daily_2025.zip
2025-10-15,2566119.0,2566119.0,2566119.0,162049.0,2572007.0,167936.0,1.0,0.0,ok,ECB reported,https://www.ecb.europa.eu/stats/pdf/monetary/lm/liq_daily_2025.zip
2025-10-16,2562369.0,2562369.0,2562369.0,161590.0,2568715.0,167936.0,0.0,0.0,ok,ECB reported,https://www.ecb.europa.eu/stats/pdf/monetary/lm/liq_daily_2025.zip
2025-10-17,2562723.0,2562723.0,2562722.0,160572.0,2570088.0,167936.0,2.0,1.0,ok,ECB reported,https://www.ecb.europa.eu/stats/pdf/monetary/lm/liq_daily_2025.zip
2025-10-18,2562723.0,2562723.0,,,,167936.0,,,not_cross_checked,ECB reported,https://data-api.ecb.europa.eu/service/data/ILM/D.U2.C.EXLIQ+L020100+L020200+MRR+A050500.U2.EUR?startPeriod=2024-09-27&format=csvdata
2025-10-19,2562723.0,2562723.0,,,,167936.0,,,not_cross_checked,ECB reported,https://data-api.ecb.europa.eu/service/data/ILM/D.U2.C.EXLIQ+L020100+L020200+MRR+A050500.U2.EUR?startPeriod=2024-09-27&format=csvdata
2025-10-20,2563070.0,2563070.0,2563070.0,162127.0,2568885.0,167936.0,6.0,0.0,ok,ECB reported,https://www.ecb.europa.eu/stats/pdf/monetary/lm/liq_daily_2025.zip
2025-10-21,2557797.0,2557797.0,2557797.0,162013.0,2563757.0,167936.0,37.0,0.0,ok,ECB reported,https://www.ecb.europa.eu/stats/pdf/monetary/lm/liq_daily_2025.zip
2025-10-22,2567015.0,2567015.0,2567015.0,163066.0,2571922.0,167936.0,37.0,0.0,ok,ECB reported,https://www.ecb.europa.eu/stats/pdf/monetary/lm/liq_daily_2025.zip
2025-10-23,2564067.0,2564067.0,2564067.0,168758.0,2563246.0,167936.0,1.0,0.0,ok,ECB reported,https://www.ecb.europa.eu/stats/pdf/monetary/lm/liq_daily_2025.zip
2025-10-24,2566885.0,2566885.0,2566885.0,166579.0,2568330.0,167936.0,88.0,0.0,ok,ECB reported,https://www.ecb.europa.eu/stats/pdf/monetary/lm/liq_daily_2025.zip
2025-10-25,2566885.0,2566885.0,,,,167936.0,,,not_cross_checked,ECB reported,https://data-api.ecb.europa.eu/service/data/ILM/D.U2.C.EXLIQ+L020100+L020200+MRR+A050500.U2.EUR?startPeriod=2024-09-27&format=csvdata
2025-10-26,2566885.0,2566885.0,,,,167936.0,,,not_cross_checked,ECB reported,https://data-api.ecb.europa.eu/service/data/ILM/D.U2.C.EXLIQ+L020100+L020200+MRR+A050500.U2.EUR?startPeriod=2024-09-27&format=csvdata
2025-10-27,2556084.0,2556084.0,2556084.0,179690.0,2544358.0,167936.0,28.0,0.0,ok,ECB reported,https://www.ecb.europa.eu/stats/pdf/monetary/lm/liq_daily_2025.zip
2025-10-28,2518746.0,2518746.0,2518746.0,178370.0,2508353.0,167936.0,41.0,0.0,ok,ECB reported,https://www.ecb.europa.eu/stats/pdf/monetary/lm/liq_daily_2025.zip
2025-10-29,2533741.0,2533741.0,2533742.0,204810.0,2497007.0,167936.0,139.0,-1.0,ok,ECB reported,https://www.ecb.europa.eu/stats/pdf/monetary/lm/liq_daily_2025.zip
2025-10-30,2502747.0,2502747.0,2502747.0,197932.0,2472785.0,167936.0,34.0,0.0,ok,ECB reported,https://www.ecb.europa.eu/stats/pdf/monetary/lm/liq_daily_2025.zip
2025-10-31,2495444.0,2495444.0,2495444.0,216846.0,2446784.0,167936.0,250.0,0.0,ok,ECB reported,https://www.ecb.europa.eu/stats/pdf/monetary/lm/liq_daily_2025.zip
2025-11-01,2495444.0,2495444.0,,,,167936.0,,,not_cross_checked,ECB reported,https://data-api.ecb.europa.eu/service/data/ILM/D.U2.C.EXLIQ+L020100+L020200+MRR+A050500.U2.EUR?startPeriod=2024-09-27&format=csvdata
2025-11-02,2495444.0,2495444.0,,,,167936.0,,,not_cross_checked,ECB reported,https://data-api.ecb.europa.eu/service/data/ILM/D.U2.C.EXLIQ+L020100+L020200+MRR+A050500.U2.EUR?startPeriod=2024-09-27&format=csvdata
2025-11-03,2514008.0,2514008.0,2514008.0,215839.0,2466105.0,167936.0,0.0,0.0,ok,ECB reported,https://www.ecb.europa.eu/stats/pdf/monetary/lm/liq_daily_2025.zip
2025-11-04,2517250.0,2517250.0,2517251.0,184010.0,2501182.0,167936.0,5.0,-1.0,ok,ECB reported,https://www.ecb.europa.eu/stats/pdf/monetary/lm/liq_daily_2025.zip
2025-11-05,2512722.0,2512722.0,2512722.0,234676.0,2446533.0,168487.0,0.0,0.0,ok,ECB reported,https://www.ecb.europa.eu/stats/pdf/monetary/lm/liq_daily_2025.zip
2025-11-06,2509470.0,2509470.0,2509470.0,195895.0,2482103.0,168487.0,41.0,0.0,ok,ECB reported,https://www.ecb.europa.eu/stats/pdf/monetary/lm/liq_daily_2025.zip
2025-11-07,2510642.0,2510642.0,2510641.0,176337.0,2502791.0,168487.0,0.0,1.0,ok,ECB reported,https://www.ecb.europa.eu/stats/pdf/monetary/lm/liq_daily_2025.zip
2025-11-08,2510642.0,2510642.0,,,,168487.0,,,not_cross_checked,ECB reported,https://data-api.ecb.europa.eu/service/data/ILM/D.U2.C.EXLIQ+L020100+L020200+MRR+A050500.U2.EUR?startPeriod=2024-09-27&format=csvdata
2025-11-09,2510642.0,2510642.0,,,,168487.0,,,not_cross_checked,ECB reported,https://data-api.ecb.europa.eu/service/data/ILM/D.U2.C.EXLIQ+L020100+L020200+MRR+A050500.U2.EUR?startPeriod=2024-09-27&format=csvdata
2025-11-10,2513797.0,2513797.0,2513797.0,168004.0,2514284.0,168487.0,4.0,0.0,ok,ECB reported,https://www.ecb.europa.eu/stats/pdf/monetary/lm/liq_daily_2025.zip
2025-11-11,2515514.0,2515514.0,2515513.0,172043.0,2511985.0,168487.0,28.0,1.0,ok,ECB reported,https://www.ecb.europa.eu/stats/pdf/monetary/lm/liq_daily_2025.zip
2025-11-12,2509789.0,2509789.0,2509788.0,170586.0,2507690.0,168487.0,1.0,1.0,ok,ECB reported,https://www.ecb.europa.eu/stats/pdf/monetary/lm/liq_daily_2025.zip
2025-11-13,2508068.0,2508068.0,2508068.0,166388.0,2510168.0,168487.0,1.0,0.0,ok,ECB reported,https://www.ecb.europa.eu/stats/pdf/monetary/lm/liq_daily_2025.zip
2025-11-14,2507416.0,2507416.0,2507415.0,166486.0,2509617.0,168487.0,201.0,1.0,ok,ECB reported,https://www.ecb.europa.eu/stats/pdf/monetary/lm/liq_daily_2025.zip
2025-11-15,2507416.0,2507416.0,,,,168487.0,,,not_cross_checked,ECB reported,https://data-api.ecb.europa.eu/service/data/ILM/D.U2.C.EXLIQ+L020100+L020200+MRR+A050500.U2.EUR?startPeriod=2024-09-27&format=csvdata
2025-11-16,2507416.0,2507416.0,,,,168487.0,,,not_cross_checked,ECB reported,https://data-api.ecb.europa.eu/service/data/ILM/D.U2.C.EXLIQ+L020100+L020200+MRR+A050500.U2.EUR?startPeriod=2024-09-27&format=csvdata
2025-11-17,2511982.0,2511982.0,2511982.0,169275.0,2511435.0,168487.0,241.0,0.0,ok,ECB reported,https://www.ecb.europa.eu/stats/pdf/monetary/lm/liq_daily_2025.zip
2025-11-18,2516341.0,2516341.0,2516340.0,165375.0,2519652.0,168487.0,200.0,1.0,ok,ECB reported,https://www.ecb.europa.eu/stats/pdf/monetary/lm/liq_daily_2025.zip
2025-11-19,2508911.0,2508911.0,2508911.0,169858.0,2507541.0,168487.0,1.0,0.0,ok,ECB reported,https://www.ecb.europa.eu/stats/pdf/monetary/lm/liq_daily_2025.zip
2025-11-20,2508470.0,2508470.0,2508470.0,163241.0,2513721.0,168487.0,5.0,0.0,ok,ECB reported,https://www.ecb.europa.eu/stats/pdf/monetary/lm/liq_daily_2025.zip
2025-11-21,2497157.0,2497157.0,2497156.0,166365.0,2499987.0,168487.0,709.0,1.0,ok,ECB reported,https://www.ecb.europa.eu/stats/pdf/monetary/lm/liq_daily_2025.zip
2025-11-22,2497157.0,2497157.0,,,,168487.0,,,not_cross_checked,ECB reported,https://data-api.ecb.europa.eu/service/data/ILM/D.U2.C.EXLIQ+L020100+L020200+MRR+A050500.U2.EUR?startPeriod=2024-09-27&format=csvdata
2025-11-23,2497157.0,2497157.0,,,,168487.0,,,not_cross_checked,ECB reported,https://data-api.ecb.europa.eu/service/data/ILM/D.U2.C.EXLIQ+L020100+L020200+MRR+A050500.U2.EUR?startPeriod=2024-09-27&format=csvdata
2025-11-24,2504983.0,2504983.0,2504982.0,163817.0,2509863.0,168487.0,211.0,1.0,ok,ECB reported,https://www.ecb.europa.eu/stats/pdf/monetary/lm/liq_daily_2025.zip
2025-11-25,2478345.0,2478345.0,2478344.0,168325.0,2479460.0,168487.0,954.0,1.0,ok,ECB reported,https://www.ecb.europa.eu/stats/pdf/monetary/lm/liq_daily_2025.zip
2025-11-26,2465250.0,2465250.0,2465250.0,172374.0,2461889.0,168487.0,526.0,0.0,ok,ECB reported,https://www.ecb.europa.eu/stats/pdf/monetary/lm/liq_daily_2025.zip
2025-11-27,2460077.0,2460077.0,2460077.0,164450.0,2464934.0,168487.0,820.0,0.0,ok,ECB reported,https://www.ecb.europa.eu/stats/pdf/monetary/lm/liq_daily_2025.zip
2025-11-28,2466052.0,2466052.0,2466052.0,171679.0,2464210.0,168487.0,1350.0,0.0,ok,ECB reported,https://www.ecb.europa.eu/stats/pdf/monetary/lm/liq_daily_2025.zip
2025-11-29,2466052.0,2466052.0,,,,168487.0,,,not_cross_checked,ECB reported,https://data-api.ecb.europa.eu/service/data/ILM/D.U2.C.EXLIQ+L020100+L020200+MRR+A050500.U2.EUR?startPeriod=2024-09-27&format=csvdata
2025-11-30,2466052.0,2466052.0,,,,168487.0,,,not_cross_checked,ECB reported,https://data-api.ecb.europa.eu/service/data/ILM/D.U2.C.EXLIQ+L020100+L020200+MRR+A050500.U2.EUR?startPeriod=2024-09-27&format=csvdata
2025-12-01,2457990.0,2457990.0,2457990.0,166740.0,2460338.0,168487.0,601.0,0.0,ok,ECB reported,https://www.ecb.europa.eu/stats/pdf/monetary/lm/liq_daily_2025.zip
2025-12-02,2455553.0,2455553.0,2455552.0,180300.0,2444040.0,168487.0,301.0,1.0,ok,ECB reported,https://www.ecb.europa.eu/stats/pdf/monetary/lm/liq_daily_2025.zip
2025-12-03,2458164.0,2458164.0,2458164.0,168444.0,2458407.0,168487.0,200.0,0.0,ok,ECB reported,https://www.ecb.europa.eu/stats/pdf/monetary/lm/liq_daily_2025.zip
2025-12-04,2453755.0,2453755.0,2453755.0,165600.0,2456643.0,168487.0,1.0,0.0,ok,ECB reported,https://www.ecb.europa.eu/stats/pdf/monetary/lm/liq_daily_2025.zip
2025-12-05,2458404.0,2458404.0,2458404.0,167410.0,2459481.0,168487.0,0.0,0.0,ok,ECB reported,https://www.ecb.europa.eu/stats/pdf/monetary/lm/liq_daily_2025.zip
2025-12-06,2458404.0,2458404.0,,,,168487.0,,,not_cross_checked,ECB reported,https://data-api.ecb.europa.eu/service/data/ILM/D.U2.C.EXLIQ+L020100+L020200+MRR+A050500.U2.EUR?startPeriod=2024-09-27&format=csvdata
2025-12-07,2458404.0,2458404.0,,,,168487.0,,,not_cross_checked,ECB reported,https://data-api.ecb.europa.eu/service/data/ILM/D.U2.C.EXLIQ+L020100+L020200+MRR+A050500.U2.EUR?startPeriod=2024-09-27&format=csvdata
2025-12-08,2462088.0,2462088.0,2462087.0,169201.0,2461376.0,168487.0,3.0,1.0,ok,ECB reported,https://www.ecb.europa.eu/stats/pdf/monetary/lm/liq_daily_2025.zip
2025-12-09,2470694.0,2470694.0,2470694.0,166168.0,2473020.0,168487.0,7.0,0.0,ok,ECB reported,https://www.ecb.europa.eu/stats/pdf/monetary/lm/liq_daily_2025.zip
2025-12-10,2468714.0,2468714.0,2468713.0,164665.0,2472535.0,168487.0,0.0,1.0,ok,ECB reported,https://www.ecb.europa.eu/stats/pdf/monetary/lm/liq_daily_2025.zip
2025-12-11,2464592.0,2464592.0,2464591.0,166546.0,2466533.0,168487.0,1.0,1.0,ok,ECB reported,https://www.ecb.europa.eu/stats/pdf/monetary/lm/liq_daily_2025.zip
2025-12-12,2461416.0,2461416.0,2461416.0,164596.0,2465307.0,168487.0,0.0,0.0,ok,ECB reported,https://www.ecb.europa.eu/stats/pdf/monetary/lm/liq_daily_2025.zip
2025-12-13,2461416.0,2461416.0,,,,168487.0,,,not_cross_checked,ECB reported,https://data-api.ecb.europa.eu/service/data/ILM/D.U2.C.EXLIQ+L020100+L020200+MRR+A050500.U2.EUR?startPeriod=2024-09-27&format=csvdata
2025-12-14,2461416.0,2461416.0,,,,168487.0,,,not_cross_checked,ECB reported,https://data-api.ecb.europa.eu/service/data/ILM/D.U2.C.EXLIQ+L020100+L020200+MRR+A050500.U2.EUR?startPeriod=2024-09-27&format=csvdata
2025-12-15,2470411.0,2470411.0,2470411.0,176764.0,2462155.0,168487.0,21.0,0.0,ok,ECB reported,https://www.ecb.europa.eu/stats/pdf/monetary/lm/liq_daily_2025.zip
2025-12-16,2472012.0,2472012.0,2472011.0,175259.0,2465240.0,168487.0,1.0,1.0,ok,ECB reported,https://www.ecb.europa.eu/stats/pdf/monetary/lm/liq_daily_2025.zip
2025-12-17,2486370.0,2486370.0,2486370.0,175773.0,2479089.0,168487.0,5.0,0.0,ok,ECB reported,https://www.ecb.europa.eu/stats/pdf/monetary/lm/liq_daily_2025.zip
2025-12-18,2470376.0,2470376.0,2470375.0,185586.0,2453276.0,168487.0,0.0,1.0,ok,ECB reported,https://www.ecb.europa.eu/stats/pdf/monetary/lm/liq_daily_2025.zip
2025-12-19,2461883.0,2461883.0,2461882.0,199171.0,2431199.0,168487.0,1.0,1.0,ok,ECB reported,https://www.ecb.europa.eu/stats/pdf/monetary/lm/liq_daily_2025.zip
2025-12-20,2461883.0,2461883.0,,,,168487.0,,,not_cross_checked,ECB reported,https://data-api.ecb.europa.eu/service/data/ILM/D.U2.C.EXLIQ+L020100+L020200+MRR+A050500.U2.EUR?startPeriod=2024-09-27&format=csvdata
2025-12-21,2461883.0,2461883.0,,,,168487.0,,,not_cross_checked,ECB reported,https://data-api.ecb.europa.eu/service/data/ILM/D.U2.C.EXLIQ+L020100+L020200+MRR+A050500.U2.EUR?startPeriod=2024-09-27&format=csvdata
2025-12-22,2461013.0,2461013.0,2461013.0,167115.0,2462425.0,168487.0,40.0,0.0,ok,ECB reported,https://www.ecb.europa.eu/stats/pdf/monetary/lm/liq_daily_2025.zip
2025-12-23,2463983.0,2463983.0,2463984.0,275744.0,2357074.0,168834.0,0.0,-1.0,ok,ECB reported,https://www.ecb.europa.eu/stats/pdf/monetary/lm/liq_daily_2025.zip
2025-12-24,2454203.0,2454203.0,2454203.0,253667.0,2369370.0,168834.0,0.0,0.0,ok,ECB reported,https://www.ecb.europa.eu/stats/pdf/monetary/lm/liq_daily_2025.zip
2025-12-25,2454203.0,2454203.0,2454203.0,253667.0,2369370.0,168834.0,0.0,0.0,ok,ECB reported,https://www.ecb.europa.eu/stats/pdf/monetary/lm/liq_daily_2025.zip
2025-12-26,2454203.0,2454203.0,2454203.0,253667.0,2369370.0,168834.0,0.0,0.0,ok,ECB reported,https://www.ecb.europa.eu/stats/pdf/monetary/lm/liq_daily_2025.zip
2025-12-27,2454203.0,2454203.0,,,,168834.0,,,not_cross_checked,ECB reported,https://data-api.ecb.europa.eu/service/data/ILM/D.U2.C.EXLIQ+L020100+L020200+MRR+A050500.U2.EUR?startPeriod=2024-09-27&format=csvdata
2025-12-28,2454203.0,2454203.0,,,,168834.0,,,not_cross_checked,ECB reported,https://data-api.ecb.europa.eu/service/data/ILM/D.U2.C.EXLIQ+L020100+L020200+MRR+A050500.U2.EUR?startPeriod=2024-09-27&format=csvdata
2025-12-29,2463363.0,2463363.0,2463363.0,207064.0,2425133.0,168834.0,0.0,0.0,ok,ECB reported,https://www.ecb.europa.eu/stats/pdf/monetary/lm/liq_daily_2025.zip
2025-12-30,2465656.0,2465656.0,2465656.0,214577.0,2419953.0,168834.0,40.0,0.0,ok,ECB reported,https://www.ecb.europa.eu/stats/pdf/monetary/lm/liq_daily_2025.zip
2025-12-31,2431768.0,2431768.0,2431768.23498,200757.32379113,2399844.9111892,168834.0,0.0,-0.23498,ok,ECB reported,https://data-api.ecb.europa.eu/service/data/ILM/D.U2.C.EXLIQ+L020100+L020200+MRR+A050500.U2.EUR?startPeriod=2024-09-27&format=csvdata
2026-01-01,2443755.0,2443755.0,2443754.0,213542.0,2399845.0,169633.0,0.0,1.0,ok,ECB reported,https://www.ecb.europa.eu/stats/pdf/monetary/lm/liq_daily_2026.zip
2026-01-02,2466922.0,2466922.0,2466921.0,154359.0,2482215.0,169633.0,20.0,1.0,ok,ECB reported,https://www.ecb.europa.eu/stats/pdf/monetary/lm/liq_daily_2026.zip
2026-01-03,2466922.0,2466922.0,,,,169633.0,,,not_cross_checked,ECB reported,https://data-api.ecb.europa.eu/service/data/ILM/D.U2.C.EXLIQ+L020100+L020200+MRR+A050500.U2.EUR?startPeriod=2024-09-27&format=csvdata
2026-01-04,2466922.0,2466922.0,,,,169633.0,,,not_cross_checked,ECB reported,https://data-api.ecb.europa.eu/service/data/ILM/D.U2.C.EXLIQ+L020100+L020200+MRR+A050500.U2.EUR?startPeriod=2024-09-27&format=csvdata
2026-01-05,2471803.0,2471803.0,2471803.0,157892.0,2483564.0,169633.0,20.0,0.0,ok,ECB reported,https://www.ecb.europa.eu/stats/pdf/monetary/lm/liq_daily_2026.zip
2026-01-06,2471560.0,2471560.0,2471560.0,163733.0,2477460.0,169633.0,0.0,0.0,ok,ECB reported,https://www.ecb.europa.eu/stats/pdf/monetary/lm/liq_daily_2026.zip
2026-01-07,2479041.0,2479041.0,2479040.0,156726.0,2492016.0,169633.0,69.0,1.0,ok,ECB reported,https://www.ecb.europa.eu/stats/pdf/monetary/lm/liq_daily_2026.zip
2026-01-08,2483000.0,2483000.0,2482999.0,157055.0,2495577.0,169633.0,0.0,1.0,ok,ECB reported,https://www.ecb.europa.eu/stats/pdf/monetary/lm/liq_daily_2026.zip
2026-01-09,2483071.0,2483071.0,2483071.0,151701.0,2501003.0,169633.0,0.0,0.0,ok,ECB reported,https://www.ecb.europa.eu/stats/pdf/monetary/lm/liq_daily_2026.zip
2026-01-10,2483071.0,2483071.0,,,,169633.0,,,not_cross_checked,ECB reported,https://data-api.ecb.europa.eu/service/data/ILM/D.U2.C.EXLIQ+L020100+L020200+MRR+A050500.U2.EUR?startPeriod=2024-09-27&format=csvdata
2026-01-11,2483071.0,2483071.0,,,,169633.0,,,not_cross_checked,ECB reported,https://data-api.ecb.europa.eu/service/data/ILM/D.U2.C.EXLIQ+L020100+L020200+MRR+A050500.U2.EUR?startPeriod=2024-09-27&format=csvdata
2026-01-12,2480008.0,2480008.0,2480007.0,154197.0,2495462.0,169633.0,19.0,1.0,ok,ECB reported,https://www.ecb.europa.eu/stats/pdf/monetary/lm/liq_daily_2026.zip
2026-01-13,2484302.0,2484302.0,2484301.0,149791.0,2504167.0,169633.0,24.0,1.0,ok,ECB reported,https://www.ecb.europa.eu/stats/pdf/monetary/lm/liq_daily_2026.zip
2026-01-14,2482118.0,2482118.0,2482118.0,149930.0,2501827.0,169633.0,6.0,0.0,ok,ECB reported,https://www.ecb.europa.eu/stats/pdf/monetary/lm/liq_daily_2026.zip
2026-01-15,2475059.0,2475059.0,2475059.0,151236.0,2493471.0,169633.0,15.0,0.0,ok,ECB reported,https://www.ecb.europa.eu/stats/pdf/monetary/lm/liq_daily_2026.zip
2026-01-16,2469701.0,2469701.0,2469701.0,152565.0,2486802.0,169633.0,33.0,0.0,ok,ECB reported,https://www.ecb.europa.eu/stats/pdf/monetary/lm/liq_daily_2026.zip
2026-01-17,2469701.0,2469701.0,,,,169633.0,,,not_cross_checked,ECB reported,https://data-api.ecb.europa.eu/service/data/ILM/D.U2.C.EXLIQ+L020100+L020200+MRR+A050500.U2.EUR?startPeriod=2024-09-27&format=csvdata
2026-01-18,2469701.0,2469701.0,,,,169633.0,,,not_cross_checked,ECB reported,https://data-api.ecb.europa.eu/service/data/ILM/D.U2.C.EXLIQ+L020100+L020200+MRR+A050500.U2.EUR?startPeriod=2024-09-27&format=csvdata
2026-01-19,2463641.0,2463641.0,2463641.0,150496.0,2482804.0,169633.0,26.0,0.0,ok,ECB reported,https://www.ecb.europa.eu/stats/pdf/monetary/lm/liq_daily_2026.zip
2026-01-20,2455706.0,2455706.0,2455706.0,150590.0,2474754.0,169633.0,5.0,0.0,ok,ECB reported,https://www.ecb.europa.eu/stats/pdf/monetary/lm/liq_daily_2026.zip
2026-01-21,2440214.0,2440214.0,2440214.0,152667.0,2457180.0,169633.0,0.0,0.0,ok,ECB reported,https://www.ecb.europa.eu/stats/pdf/monetary/lm/liq_daily_2026.zip
2026-01-22,2440660.0,2440660.0,2440659.0,149305.0,2460987.0,169633.0,0.0,1.0,ok,ECB reported,https://www.ecb.europa.eu/stats/pdf/monetary/lm/liq_daily_2026.zip
2026-01-23,2459497.0,2459497.0,2459497.0,153809.0,2475325.0,169633.0,4.0,0.0,ok,ECB reported,https://www.ecb.europa.eu/stats/pdf/monetary/lm/liq_daily_2026.zip
2026-01-24,2459497.0,2459497.0,,,,169633.0,,,not_cross_checked,ECB reported,https://data-api.ecb.europa.eu/service/data/ILM/D.U2.C.EXLIQ+L020100+L020200+MRR+A050500.U2.EUR?startPeriod=2024-09-27&format=csvdata
2026-01-25,2459497.0,2459497.0,,,,169633.0,,,not_cross_checked,ECB reported,https://data-api.ecb.europa.eu/service/data/ILM/D.U2.C.EXLIQ+L020100+L020200+MRR+A050500.U2.EUR?startPeriod=2024-09-27&format=csvdata
2026-01-26,2466434.0,2466434.0,2466433.0,153474.0,2482613.0,169633.0,21.0,1.0,ok,ECB reported,https://www.ecb.europa.eu/stats/pdf/monetary/lm/liq_daily_2026.zip
2026-01-27,2454450.0,2454450.0,2454449.0,155441.0,2468668.0,169633.0,27.0,1.0,ok,ECB reported,https://www.ecb.europa.eu/stats/pdf/monetary/lm/liq_daily_2026.zip
2026-01-28,2461471.0,2461471.0,2461471.0,152694.0,2478451.0,169633.0,41.0,0.0,ok,ECB reported,https://www.ecb.europa.eu/stats/pdf/monetary/lm/liq_daily_2026.zip
2026-01-29,2452880.0,2452880.0,2452879.0,155843.0,2466679.0,169633.0,10.0,1.0,ok,ECB reported,https://www.ecb.europa.eu/stats/pdf/monetary/lm/liq_daily_2026.zip
2026-01-30,2448757.0,2448757.0,2448757.0,157661.0,2460729.0,169633.0,0.0,0.0,ok,ECB reported,https://www.ecb.europa.eu/stats/pdf/monetary/lm/liq_daily_2026.zip
2026-01-31,2448757.0,2448757.0,,,,169633.0,,,not_cross_checked,ECB reported,https://data-api.ecb.europa.eu/service/data/ILM/D.U2.C.EXLIQ+L020100+L020200+MRR+A050500.U2.EUR?startPeriod=2024-09-27&format=csvdata
2026-02-01,2448757.0,2448757.0,,,,169633.0,,,not_cross_checked,ECB reported,https://data-api.ecb.europa.eu/service/data/ILM/D.U2.C.EXLIQ+L020100+L020200+MRR+A050500.U2.EUR?startPeriod=2024-09-27&format=csvdata
2026-02-02,2432150.0,2432150.0,2432150.0,163062.0,2438721.0,169633.0,0.0,0.0,ok,ECB reported,https://www.ecb.europa.eu/stats/pdf/monetary/lm/liq_daily_2026.zip
2026-02-03,2443959.0,2443959.0,2443959.0,160007.0,2453586.0,169633.0,1.0,0.0,ok,ECB reported,https://www.ecb.europa.eu/stats/pdf/monetary/lm/liq_daily_2026.zip
2026-02-04,2434349.0,2434349.0,2434349.0,164102.0,2439880.0,169633.0,0.0,0.0,ok,ECB reported,https://www.ecb.europa.eu/stats/pdf/monetary/lm/liq_daily_2026.zip
2026-02-05,2433221.0,2433221.0,2433220.0,163310.0,2439543.0,169633.0,0.0,1.0,ok,ECB reported,https://www.ecb.europa.eu/stats/pdf/monetary/lm/liq_daily_2026.zip
2026-02-06,2436586.0,2436586.0,2436586.0,181712.0,2424511.0,169633.0,4.0,0.0,ok,ECB reported,https://www.ecb.europa.eu/stats/pdf/monetary/lm/liq_daily_2026.zip
2026-02-07,2436586.0,2436586.0,,,,169633.0,,,not_cross_checked,ECB reported,https://data-api.ecb.europa.eu/service/data/ILM/D.U2.C.EXLIQ+L020100+L020200+MRR+A050500.U2.EUR?startPeriod=2024-09-27&format=csvdata
2026-02-08,2436586.0,2436586.0,,,,169633.0,,,not_cross_checked,ECB reported,https://data-api.ecb.europa.eu/service/data/ILM/D.U2.C.EXLIQ+L020100+L020200+MRR+A050500.U2.EUR?startPeriod=2024-09-27&format=csvdata
2026-02-09,2441680.0,2441680.0,2441679.0,216935.0,2394414.0,169633.0,37.0,1.0,ok,ECB reported,https://www.ecb.europa.eu/stats/pdf/monetary/lm/liq_daily_2026.zip
2026-02-10,2438221.0,2438221.0,2438221.0,201661.0,2406205.0,169633.0,12.0,0.0,ok,ECB reported,https://www.ecb.europa.eu/stats/pdf/monetary/lm/liq_daily_2026.zip
2026-02-11,2437496.0,2437496.0,2437495.0,218536.0,2390334.0,171375.0,0.0,1.0,ok,ECB reported,https://www.ecb.europa.eu/stats/pdf/monetary/lm/liq_daily_2026.zip
2026-02-12,2430423.0,2430423.0,2430423.0,191471.0,2410328.0,171375.0,1.0,0.0,ok,ECB reported,https://www.ecb.europa.eu/stats/pdf/monetary/lm/liq_daily_2026.zip
2026-02-13,2447120.0,2447120.0,2447120.0,179090.0,2439405.0,171375.0,0.0,0.0,ok,ECB reported,https://www.ecb.europa.eu/stats/pdf/monetary/lm/liq_daily_2026.zip
2026-02-14,2447120.0,2447120.0,,,,171375.0,,,not_cross_checked,ECB reported,https://data-api.ecb.europa.eu/service/data/ILM/D.U2.C.EXLIQ+L020100+L020200+MRR+A050500.U2.EUR?startPeriod=2024-09-27&format=csvdata
2026-02-15,2447120.0,2447120.0,,,,171375.0,,,not_cross_checked,ECB reported,https://data-api.ecb.europa.eu/service/data/ILM/D.U2.C.EXLIQ+L020100+L020200+MRR+A050500.U2.EUR?startPeriod=2024-09-27&format=csvdata
2026-02-16,2425735.0,2425735.0,2425735.0,174760.0,2422353.0,171375.0,3.0,0.0,ok,ECB reported,https://www.ecb.europa.eu/stats/pdf/monetary/lm/liq_daily_2026.zip
2026-02-17,2424048.0,2424048.0,2424047.0,171048.0,2424374.0,171375.0,0.0,1.0,ok,ECB reported,https://www.ecb.europa.eu/stats/pdf/monetary/lm/liq_daily_2026.zip
2026-02-18,2436447.0,2436447.0,2436447.0,171161.0,2436662.0,171375.0,1.0,0.0,ok,ECB reported,https://www.ecb.europa.eu/stats/pdf/monetary/lm/liq_daily_2026.zip
2026-02-19,2426505.0,2426505.0,2426504.0,169233.0,2428647.0,171375.0,1.0,1.0,ok,ECB reported,https://www.ecb.europa.eu/stats/pdf/monetary/lm/liq_daily_2026.zip
2026-02-20,2428314.0,2428314.0,2428314.0,167005.0,2432684.0,171375.0,0.0,0.0,ok,ECB reported,https://www.ecb.europa.eu/stats/pdf/monetary/lm/liq_daily_2026.zip
2026-02-21,2428314.0,2428314.0,,,,171375.0,,,not_cross_checked,ECB reported,https://data-api.ecb.europa.eu/service/data/ILM/D.U2.C.EXLIQ+L020100+L020200+MRR+A050500.U2.EUR?startPeriod=2024-09-27&format=csvdata
2026-02-22,2428314.0,2428314.0,,,,171375.0,,,not_cross_checked,ECB reported,https://data-api.ecb.europa.eu/service/data/ILM/D.U2.C.EXLIQ+L020100+L020200+MRR+A050500.U2.EUR?startPeriod=2024-09-27&format=csvdata
2026-02-23,2429531.0,2429531.0,2429531.0,167342.0,2433564.0,171375.0,0.0,0.0,ok,ECB reported,https://www.ecb.europa.eu/stats/pdf/monetary/lm/liq_daily_2026.zip
2026-02-24,2434716.0,2434716.0,2434714.0,167801.0,2438295.0,171375.0,7.0,2.0,ok,ECB reported,https://www.ecb.europa.eu/stats/pdf/monetary/lm/liq_daily_2026.zip
2026-02-25,2406159.0,2406159.0,2406159.0,168256.0,2409308.0,171375.0,30.0,0.0,ok,ECB reported,https://www.ecb.europa.eu/stats/pdf/monetary/lm/liq_daily_2026.zip
2026-02-26,2404174.0,2404174.0,2404173.0,168674.0,2406931.0,171375.0,57.0,1.0,ok,ECB reported,https://www.ecb.europa.eu/stats/pdf/monetary/lm/liq_daily_2026.zip
2026-02-27,2402895.0,2402895.0,2402894.0,173968.0,2400301.0,171375.0,0.0,1.0,ok,ECB reported,https://www.ecb.europa.eu/stats/pdf/monetary/lm/liq_daily_2026.zip
2026-02-28,2402895.0,2402895.0,,,,171375.0,,,not_cross_checked,ECB reported,https://data-api.ecb.europa.eu/service/data/ILM/D.U2.C.EXLIQ+L020100+L020200+MRR+A050500.U2.EUR?startPeriod=2024-09-27&format=csvdata
2026-03-01,2402895.0,2402895.0,,,,171375.0,,,not_cross_checked,ECB reported,https://data-api.ecb.europa.eu/service/data/ILM/D.U2.C.EXLIQ+L020100+L020200+MRR+A050500.U2.EUR?startPeriod=2024-09-27&format=csvdata
2026-03-02,2397823.0,2397823.0,2397822.0,173949.0,2395248.0,171375.0,0.0,1.0,ok,ECB reported,https://www.ecb.europa.eu/stats/pdf/monetary/lm/liq_daily_2026.zip
2026-03-03,2385002.0,2385002.0,2385002.0,171779.0,2384598.0,171375.0,0.0,0.0,ok,ECB reported,https://www.ecb.europa.eu/stats/pdf/monetary/lm/liq_daily_2026.zip
2026-03-04,2381998.0,2381998.0,2381998.0,167936.0,2385437.0,171375.0,0.0,0.0,ok,ECB reported,https://www.ecb.europa.eu/stats/pdf/monetary/lm/liq_daily_2026.zip
2026-03-05,2390582.0,2390582.0,2390581.0,169238.0,2392718.0,171375.0,0.0,1.0,ok,ECB reported,https://www.ecb.europa.eu/stats/pdf/monetary/lm/liq_daily_2026.zip
2026-03-06,2389521.0,2389521.0,2389521.0,167922.0,2392978.0,171375.0,4.0,0.0,ok,ECB reported,https://www.ecb.europa.eu/stats/pdf/monetary/lm/liq_daily_2026.zip
2026-03-07,2389521.0,2389521.0,,,,171375.0,,,not_cross_checked,ECB reported,https://data-api.ecb.europa.eu/service/data/ILM/D.U2.C.EXLIQ+L020100+L020200+MRR+A050500.U2.EUR?startPeriod=2024-09-27&format=csvdata
2026-03-08,2389521.0,2389521.0,,,,171375.0,,,not_cross_checked,ECB reported,https://data-api.ecb.europa.eu/service/data/ILM/D.U2.C.EXLIQ+L020100+L020200+MRR+A050500.U2.EUR?startPeriod=2024-09-27&format=csvdata
2026-03-09,2392385.0,2392385.0,2392384.0,169892.0,2393875.0,171375.0,8.0,1.0,ok,ECB reported,https://www.ecb.europa.eu/stats/pdf/monetary/lm/liq_daily_2026.zip
2026-03-10,2393684.0,2393684.0,2393683.0,167590.0,2397480.0,171375.0,12.0,1.0,ok,ECB reported,https://www.ecb.europa.eu/stats/pdf/monetary/lm/liq_daily_2026.zip
2026-03-11,2407267.0,2407267.0,2407267.0,170056.0,2408586.0,171375.0,0.0,0.0,ok,ECB reported,https://www.ecb.europa.eu/stats/pdf/monetary/lm/liq_daily_2026.zip
2026-03-12,2398066.0,2398066.0,2398066.0,173500.0,2395941.0,171375.0,0.0,0.0,ok,ECB reported,https://www.ecb.europa.eu/stats/pdf/monetary/lm/liq_daily_2026.zip
2026-03-13,2381198.0,2381198.0,2381198.0,171345.0,2381228.0,171375.0,0.0,0.0,ok,ECB reported,https://www.ecb.europa.eu/stats/pdf/monetary/lm/liq_daily_2026.zip
2026-03-14,2381198.0,2381198.0,,,,171375.0,,,not_cross_checked,ECB reported,https://data-api.ecb.europa.eu/service/data/ILM/D.U2.C.EXLIQ+L020100+L020200+MRR+A050500.U2.EUR?startPeriod=2024-09-27&format=csvdata
2026-03-15,2381198.0,2381198.0,,,,171375.0,,,not_cross_checked,ECB reported,https://data-api.ecb.europa.eu/service/data/ILM/D.U2.C.EXLIQ+L020100+L020200+MRR+A050500.U2.EUR?startPeriod=2024-09-27&format=csvdata
2026-03-16,2386651.0,2386651.0,2386650.0,171310.0,2386725.0,171375.0,10.0,1.0,ok,ECB reported,https://www.ecb.europa.eu/stats/pdf/monetary/lm/liq_daily_2026.zip
2026-03-17,2377087.0,2377087.0,2377087.0,176325.0,2372137.0,171375.0,0.0,0.0,ok,ECB reported,https://www.ecb.europa.eu/stats/pdf/monetary/lm/liq_daily_2026.zip
2026-03-18,2378878.0,2378878.0,2378878.0,175667.0,2374586.0,171375.0,0.0,0.0,ok,ECB reported,https://www.ecb.europa.eu/stats/pdf/monetary/lm/liq_daily_2026.zip
2026-03-19,2363920.0,2363920.0,2363920.0,183651.0,2351646.0,171375.0,2.0,0.0,ok,ECB reported,https://www.ecb.europa.eu/stats/pdf/monetary/lm/liq_daily_2026.zip
2026-03-20,2364492.0,2364492.0,2364491.0,200101.0,2335765.0,171375.0,0.0,1.0,ok,ECB reported,https://www.ecb.europa.eu/stats/pdf/monetary/lm/liq_daily_2026.zip
2026-03-21,2364492.0,2364492.0,,,,171375.0,,,not_cross_checked,ECB reported,https://data-api.ecb.europa.eu/service/data/ILM/D.U2.C.EXLIQ+L020100+L020200+MRR+A050500.U2.EUR?startPeriod=2024-09-27&format=csvdata
2026-03-22,2364492.0,2364492.0,,,,171375.0,,,not_cross_checked,ECB reported,https://data-api.ecb.europa.eu/service/data/ILM/D.U2.C.EXLIQ+L020100+L020200+MRR+A050500.U2.EUR?startPeriod=2024-09-27&format=csvdata
2026-03-23,2359527.0,2359527.0,2359526.0,208857.0,2322240.0,171375.0,196.0,1.0,ok,ECB reported,https://www.ecb.europa.eu/stats/pdf/monetary/lm/liq_daily_2026.zip
2026-03-24,2372287.0,2372287.0,2372287.0,178955.0,2364721.0,171375.0,14.0,0.0,ok,ECB reported,https://www.ecb.europa.eu/stats/pdf/monetary/lm/liq_daily_2026.zip
2026-03-25,2376575.0,2376575.0,2376576.0,229075.0,2319307.0,171800.0,6.0,-1.0,ok,ECB reported,https://www.ecb.europa.eu/stats/pdf/monetary/lm/liq_daily_2026.zip
2026-03-26,2367122.0,2367122.0,2367122.0,194467.0,2344468.0,171800.0,13.0,0.0,ok,ECB reported,https://www.ecb.europa.eu/stats/pdf/monetary/lm/liq_daily_2026.zip
2026-03-27,2363998.0,2363998.0,2363997.0,174909.0,2360957.0,171800.0,69.0,1.0,ok,ECB reported,https://www.ecb.europa.eu/stats/pdf/monetary/lm/liq_daily_2026.zip
2026-03-28,2363998.0,2363998.0,,,,171800.0,,,not_cross_checked,ECB reported,https://data-api.ecb.europa.eu/service/data/ILM/D.U2.C.EXLIQ+L020100+L020200+MRR+A050500.U2.EUR?startPeriod=2024-09-27&format=csvdata
2026-03-29,2363998.0,2363998.0,,,,171800.0,,,not_cross_checked,ECB reported,https://data-api.ecb.europa.eu/service/data/ILM/D.U2.C.EXLIQ+L020100+L020200+MRR+A050500.U2.EUR?startPeriod=2024-09-27&format=csvdata
2026-03-30,2352244.0,2352244.0,2352244.0,174606.0,2349557.0,171800.0,119.0,0.0,ok,ECB reported,https://www.ecb.europa.eu/stats/pdf/monetary/lm/liq_daily_2026.zip
2026-03-31,2346684.0,2346684.0,2346684.0,177752.0,2341202.0,171800.0,470.0,0.0,ok,ECB reported,https://www.ecb.europa.eu/stats/pdf/monetary/lm/liq_daily_2026.zip
2026-04-01,2329247.0,2329247.0,2329247.0,180395.0,2320652.0,171800.0,0.0,0.0,ok,ECB reported,https://www.ecb.europa.eu/stats/pdf/monetary/lm/liq_daily_2026.zip
2026-04-02,2333154.0,2333154.0,2333154.0,175509.0,2329445.0,171800.0,0.0,0.0,ok,ECB reported,https://www.ecb.europa.eu/stats/pdf/monetary/lm/liq_daily_2026.zip
2026-04-03,2333154.0,2333154.0,2333154.0,175509.0,2329445.0,171800.0,0.0,0.0,ok,ECB reported,https://www.ecb.europa.eu/stats/pdf/monetary/lm/liq_daily_2026.zip
2026-04-04,2333154.0,2333154.0,,,,171800.0,,,not_cross_checked,ECB reported,https://data-api.ecb.europa.eu/service/data/ILM/D.U2.C.EXLIQ+L020100+L020200+MRR+A050500.U2.EUR?startPeriod=2024-09-27&format=csvdata
2026-04-05,2333154.0,2333154.0,,,,171800.0,,,not_cross_checked,ECB reported,https://data-api.ecb.europa.eu/service/data/ILM/D.U2.C.EXLIQ+L020100+L020200+MRR+A050500.U2.EUR?startPeriod=2024-09-27&format=csvdata
2026-04-06,2333154.0,2333154.0,2333154.0,175509.0,2329445.0,171800.0,0.0,0.0,ok,ECB reported,https://www.ecb.europa.eu/stats/pdf/monetary/lm/liq_daily_2026.zip
2026-04-07,2336360.0,2336360.0,2336360.0,178287.0,2329873.0,171800.0,0.0,0.0,ok,ECB reported,https://www.ecb.europa.eu/stats/pdf/monetary/lm/liq_daily_2026.zip
2026-04-08,2337206.0,2337206.0,2337206.0,169572.0,2339434.0,171800.0,0.0,0.0,ok,ECB reported,https://www.ecb.europa.eu/stats/pdf/monetary/lm/liq_daily_2026.zip
2026-04-09,2345246.0,2345246.0,2345246.0,169422.0,2347624.0,171800.0,0.0,0.0,ok,ECB reported,https://www.ecb.europa.eu/stats/pdf/monetary/lm/liq_daily_2026.zip
2026-04-10,2335066.0,2335066.0,2335066.0,174417.0,2332449.0,171800.0,0.0,0.0,ok,ECB reported,https://www.ecb.europa.eu/stats/pdf/monetary/lm/liq_daily_2026.zip
2026-04-11,2335066.0,2335066.0,,,,171800.0,,,not_cross_checked,ECB reported,https://data-api.ecb.europa.eu/service/data/ILM/D.U2.C.EXLIQ+L020100+L020200+MRR+A050500.U2.EUR?startPeriod=2024-09-27&format=csvdata
2026-04-12,2335066.0,2335066.0,,,,171800.0,,,not_cross_checked,ECB reported,https://data-api.ecb.europa.eu/service/data/ILM/D.U2.C.EXLIQ+L020100+L020200+MRR+A050500.U2.EUR?startPeriod=2024-09-27&format=csvdata
2026-04-13,2330946.0,2330946.0,2330946.0,171686.0,2331140.0,171800.0,80.0,0.0,ok,ECB reported,https://www.ecb.europa.eu/stats/pdf/monetary/lm/liq_daily_2026.zip
2026-04-14,2330278.0,2330278.0,2330277.0,172932.0,2329145.0,171800.0,0.0,1.0,ok,ECB reported,https://www.ecb.europa.eu/stats/pdf/monetary/lm/liq_daily_2026.zip
2026-04-15,2300451.0,2300451.0,2300452.0,169947.0,2302326.0,171800.0,21.0,-1.0,ok,ECB reported,https://www.ecb.europa.eu/stats/pdf/monetary/lm/liq_daily_2026.zip
2026-04-16,2298305.0,2298305.0,2298305.0,168006.0,2302099.0,171800.0,0.0,0.0,ok,ECB reported,https://www.ecb.europa.eu/stats/pdf/monetary/lm/liq_daily_2026.zip
2026-04-17,2288583.0,2288583.0,2288584.0,172146.0,2288247.0,171800.0,9.0,-1.0,ok,ECB reported,https://www.ecb.europa.eu/stats/pdf/monetary/lm/liq_daily_2026.zip
2026-04-18,2288583.0,2288583.0,,,,171800.0,,,not_cross_checked,ECB reported,https://data-api.ecb.europa.eu/service/data/ILM/D.U2.C.EXLIQ+L020100+L020200+MRR+A050500.U2.EUR?startPeriod=2024-09-27&format=csvdata
2026-04-19,2288583.0,2288583.0,,,,171800.0,,,not_cross_checked,ECB reported,https://data-api.ecb.europa.eu/service/data/ILM/D.U2.C.EXLIQ+L020100+L020200+MRR+A050500.U2.EUR?startPeriod=2024-09-27&format=csvdata
2026-04-20,2293083.0,2293083.0,2293083.0,171580.0,2293314.0,171800.0,11.0,0.0,ok,ECB reported,https://www.ecb.europa.eu/stats/pdf/monetary/lm/liq_daily_2026.zip
2026-04-21,2289488.0,2289488.0,2289488.0,172232.0,2289072.0,171800.0,16.0,0.0,ok,ECB reported,https://www.ecb.europa.eu/stats/pdf/monetary/lm/liq_daily_2026.zip
2026-04-22,2322400.0,2322400.0,2322400.0,168137.0,2326087.0,171800.0,24.0,0.0,ok,ECB reported,https://www.ecb.europa.eu/stats/pdf/monetary/lm/liq_daily_2026.zip
2026-04-23,2318677.0,2318677.0,2318678.0,168453.0,2322101.0,171800.0,76.0,-1.0,ok,ECB reported,https://www.ecb.europa.eu/stats/pdf/monetary/lm/liq_daily_2026.zip
2026-04-24,2313355.0,2313355.0,2313355.0,170036.0,2315191.0,171800.0,72.0,0.0,ok,ECB reported,https://www.ecb.europa.eu/stats/pdf/monetary/lm/liq_daily_2026.zip
2026-04-25,2313355.0,2313355.0,,,,171800.0,,,not_cross_checked,ECB reported,https://data-api.ecb.europa.eu/service/data/ILM/D.U2.C.EXLIQ+L020100+L020200+MRR+A050500.U2.EUR?startPeriod=2024-09-27&format=csvdata
2026-04-26,2313355.0,2313355.0,,,,171800.0,,,not_cross_checked,ECB reported,https://data-api.ecb.europa.eu/service/data/ILM/D.U2.C.EXLIQ+L020100+L020200+MRR+A050500.U2.EUR?startPeriod=2024-09-27&format=csvdata
2026-04-27,2292155.0,2292155.0,2292155.0,176606.0,2287427.0,171800.0,78.0,0.0,ok,ECB reported,https://www.ecb.europa.eu/stats/pdf/monetary/lm/liq_daily_2026.zip
2026-04-28,2294700.0,2294700.0,2294701.0,181865.0,2284689.0,171800.0,53.0,-1.0,ok,ECB reported,https://www.ecb.europa.eu/stats/pdf/monetary/lm/liq_daily_2026.zip
2026-04-29,2262533.0,2262533.0,2262534.0,186072.0,2248326.0,171800.0,64.0,-1.0,ok,ECB reported,https://www.ecb.europa.eu/stats/pdf/monetary/lm/liq_daily_2026.zip
2026-04-30,2254044.0,2254044.0,2254045.0,194348.0,2231506.0,171800.0,9.0,-1.0,ok,ECB reported,https://www.ecb.europa.eu/stats/pdf/monetary/lm/liq_daily_2026.zip
2026-05-01,2254044.0,2254044.0,2254045.0,194348.0,2231506.0,171800.0,9.0,-1.0,ok,ECB reported,https://www.ecb.europa.eu/stats/pdf/monetary/lm/liq_daily_2026.zip
2026-05-02,2254044.0,2254044.0,,,,171800.0,,,not_cross_checked,ECB reported,https://data-api.ecb.europa.eu/service/data/ILM/D.U2.C.EXLIQ+L020100+L020200+MRR+A050500.U2.EUR?startPeriod=2024-09-27&format=csvdata
2026-05-03,2254044.0,2254044.0,,,,171800.0,,,not_cross_checked,ECB reported,https://data-api.ecb.europa.eu/service/data/ILM/D.U2.C.EXLIQ+L020100+L020200+MRR+A050500.U2.EUR?startPeriod=2024-09-27&format=csvdata
2026-05-04,2252187.0,2252187.0,2252186.0,208534.0,2215459.0,171800.0,7.0,1.0,ok,ECB reported,https://www.ecb.europa.eu/stats/pdf/monetary/lm/liq_daily_2026.zip
2026-05-05,2266519.0,2266519.0,2266519.0,176657.0,2261662.0,171800.0,0.0,0.0,ok,ECB reported,https://www.ecb.europa.eu/stats/pdf/monetary/lm/liq_daily_2026.zip
2026-05-06,2242687.0,2242687.0,2242688.0,235018.0,2181231.0,173561.0,0.0,-1.0,ok,ECB reported,https://www.ecb.europa.eu/stats/pdf/monetary/lm/liq_daily_2026.zip
2026-05-07,2245476.0,2245476.0,2245476.0,194088.0,2224949.0,173561.0,0.0,0.0,ok,ECB reported,https://www.ecb.europa.eu/stats/pdf/monetary/lm/liq_daily_2026.zip
2026-05-08,2248795.0,2248795.0,2248795.0,180216.0,2242140.0,173561.0,0.0,0.0,ok,ECB reported,https://www.ecb.europa.eu/stats/pdf/monetary/lm/liq_daily_2026.zip
2026-05-09,2248795.0,2248795.0,,,,173561.0,,,not_cross_checked,ECB reported,https://data-api.ecb.europa.eu/service/data/ILM/D.U2.C.EXLIQ+L020100+L020200+MRR+A050500.U2.EUR?startPeriod=2024-09-27&format=csvdata
2026-05-10,2248795.0,2248795.0,,,,173561.0,,,not_cross_checked,ECB reported,https://data-api.ecb.europa.eu/service/data/ILM/D.U2.C.EXLIQ+L020100+L020200+MRR+A050500.U2.EUR?startPeriod=2024-09-27&format=csvdata
2026-05-11,2252423.0,2252423.0,2252424.0,175477.0,2250508.0,173561.0,0.0,-1.0,ok,ECB reported,https://www.ecb.europa.eu/stats/pdf/monetary/lm/liq_daily_2026.zip
2026-05-12,2254779.0,2254779.0,2254779.0,175154.0,2253186.0,173561.0,0.0,0.0,ok,ECB reported,https://www.ecb.europa.eu/stats/pdf/monetary/lm/liq_daily_2026.zip
2026-05-13,2259396.0,2259396.0,2259396.0,172315.0,2260642.0,173561.0,0.0,0.0,ok,ECB reported,https://www.ecb.europa.eu/stats/pdf/monetary/lm/liq_daily_2026.zip
2026-05-14,2258546.0,2258546.0,2258547.0,195867.0,2236241.0,173561.0,0.0,-1.0,ok,ECB reported,https://www.ecb.europa.eu/stats/pdf/monetary/lm/liq_daily_2026.zip
2026-05-15,2255162.0,2255162.0,2255162.0,175038.0,2253685.0,173561.0,0.0,0.0,ok,ECB reported,https://www.ecb.europa.eu/stats/pdf/monetary/lm/liq_daily_2026.zip
2026-05-16,2255162.0,2255162.0,,,,173561.0,,,not_cross_checked,ECB reported,https://data-api.ecb.europa.eu/service/data/ILM/D.U2.C.EXLIQ+L020100+L020200+MRR+A050500.U2.EUR?startPeriod=2024-09-27&format=csvdata
2026-05-17,2255162.0,2255162.0,,,,173561.0,,,not_cross_checked,ECB reported,https://data-api.ecb.europa.eu/service/data/ILM/D.U2.C.EXLIQ+L020100+L020200+MRR+A050500.U2.EUR?startPeriod=2024-09-27&format=csvdata
2026-05-18,2254021.0,2254021.0,2254022.0,172970.0,2254638.0,173561.0,25.0,-1.0,ok,ECB reported,https://www.ecb.europa.eu/stats/pdf/monetary/lm/liq_daily_2026.zip
2026-05-19,2248817.0,2248817.0,2248817.0,171731.0,2250697.0,173561.0,50.0,0.0,ok,ECB reported,https://www.ecb.europa.eu/stats/pdf/monetary/lm/liq_daily_2026.zip
2026-05-20,2230240.0,2230240.0,2230241.0,170227.0,2233575.0,173561.0,0.0,-1.0,ok,ECB reported,https://www.ecb.europa.eu/stats/pdf/monetary/lm/liq_daily_2026.zip
2026-05-21,2236650.0,2236650.0,2236651.0,168663.0,2241551.0,173561.0,2.0,-1.0,ok,ECB reported,https://www.ecb.europa.eu/stats/pdf/monetary/lm/liq_daily_2026.zip
2026-05-22,2236290.0,2236290.0,2236290.0,172559.0,2237292.0,173561.0,0.0,0.0,ok,ECB reported,https://www.ecb.europa.eu/stats/pdf/monetary/lm/liq_daily_2026.zip
2026-05-23,2236290.0,2236290.0,,,,173561.0,,,not_cross_checked,ECB reported,https://data-api.ecb.europa.eu/service/data/ILM/D.U2.C.EXLIQ+L020100+L020200+MRR+A050500.U2.EUR?startPeriod=2024-09-27&format=csvdata
2026-05-24,2236290.0,2236290.0,,,,173561.0,,,not_cross_checked,ECB reported,https://data-api.ecb.europa.eu/service/data/ILM/D.U2.C.EXLIQ+L020100+L020200+MRR+A050500.U2.EUR?startPeriod=2024-09-27&format=csvdata
2026-05-25,2201377.0,2201377.0,2201377.0,184941.0,2189997.0,173561.0,0.0,0.0,ok,ECB reported,https://www.ecb.europa.eu/stats/pdf/monetary/lm/liq_daily_2026.zip
2026-05-26,2203639.0,2203639.0,2203639.0,171869.0,2205361.0,173561.0,30.0,0.0,ok,ECB reported,https://www.ecb.europa.eu/stats/pdf/monetary/lm/liq_daily_2026.zip
2026-05-27,2194696.0,2194696.0,2194696.0,168891.0,2199471.0,173561.0,105.0,0.0,ok,ECB reported,https://www.ecb.europa.eu/stats/pdf/monetary/lm/liq_daily_2026.zip
2026-05-28,2198544.0,2198544.0,2198545.0,170360.0,2201838.0,173561.0,92.0,-1.0,ok,ECB reported,https://www.ecb.europa.eu/stats/pdf/monetary/lm/liq_daily_2026.zip
2026-05-29,2198934.0,2198934.0,2198934.0,174464.0,2198051.0,173561.0,20.0,0.0,ok,ECB reported,https://www.ecb.europa.eu/stats/pdf/monetary/lm/liq_daily_2026.zip
2026-05-30,2198934.0,2198934.0,,,,173561.0,,,not_cross_checked,ECB reported,https://data-api.ecb.europa.eu/service/data/ILM/D.U2.C.EXLIQ+L020100+L020200+MRR+A050500.U2.EUR?startPeriod=2024-09-27&format=csvdata
2026-05-31,2198934.0,2198934.0,,,,173561.0,,,not_cross_checked,ECB reported,https://data-api.ecb.europa.eu/service/data/ILM/D.U2.C.EXLIQ+L020100+L020200+MRR+A050500.U2.EUR?startPeriod=2024-09-27&format=csvdata
2026-06-01,2183896.0,2183896.0,2183897.0,174377.0,2183081.0,173561.0,0.0,-1.0,ok,ECB reported,https://www.ecb.europa.eu/stats/pdf/monetary/lm/liq_daily_2026.zip
2026-06-02,2195432.0,2195432.0,2195432.0,172594.0,2196400.0,173561.0,1.0,0.0,ok,ECB reported,https://www.ecb.europa.eu/stats/pdf/monetary/lm/liq_daily_2026.zip
2026-06-03,2217183.0,2217183.0,2217184.0,169058.0,2221687.0,173561.0,0.0,-1.0,ok,ECB reported,https://www.ecb.europa.eu/stats/pdf/monetary/lm/liq_daily_2026.zip
2026-06-04,2212304.0,2212304.0,2212304.0,176444.0,2209422.0,173561.0,1.0,0.0,ok,ECB reported,https://www.ecb.europa.eu/stats/pdf/monetary/lm/liq_daily_2026.zip
2026-06-05,2216614.0,2216614.0,2216614.0,169667.0,2220515.0,173561.0,7.0,0.0,ok,ECB reported,https://www.ecb.europa.eu/stats/pdf/monetary/lm/liq_daily_2026.zip
2026-06-06,2216614.0,2216614.0,,,,173561.0,,,not_cross_checked,ECB reported,https://data-api.ecb.europa.eu/service/data/ILM/D.U2.C.EXLIQ+L020100+L020200+MRR+A050500.U2.EUR?startPeriod=2024-09-27&format=csvdata
2026-06-07,2216614.0,2216614.0,,,,173561.0,,,not_cross_checked,ECB reported,https://data-api.ecb.europa.eu/service/data/ILM/D.U2.C.EXLIQ+L020100+L020200+MRR+A050500.U2.EUR?startPeriod=2024-09-27&format=csvdata
2026-06-08,2222271.0,2222271.0,2222271.0,170798.0,2225055.0,173561.0,21.0,0.0,ok,ECB reported,https://www.ecb.europa.eu/stats/pdf/monetary/lm/liq_daily_2026.zip
2026-06-09,2226220.0,2226220.0,2226221.0,172229.0,2227592.0,173561.0,39.0,-1.0,ok,ECB reported,https://www.ecb.europa.eu/stats/pdf/monetary/lm/liq_daily_2026.zip
2026-06-10,2215789.0,2215789.0,2215790.0,177828.0,2211570.0,173561.0,47.0,-1.0,ok,ECB reported,https://www.ecb.europa.eu/stats/pdf/monetary/lm/liq_daily_2026.zip
2026-06-11,2218129.0,2218129.0,2218130.0,178038.0,2213760.0,173561.0,107.0,-1.0,ok,ECB reported,https://www.ecb.europa.eu/stats/pdf/monetary/lm/liq_daily_2026.zip
2026-06-12,2204224.0,2204224.0,2204224.0,194318.0,2183556.0,173561.0,89.0,0.0,ok,ECB reported,https://www.ecb.europa.eu/stats/pdf/monetary/lm/liq_daily_2026.zip
2026-06-13,2204224.0,2204224.0,,,,173561.0,,,not_cross_checked,ECB reported,https://data-api.ecb.europa.eu/service/data/ILM/D.U2.C.EXLIQ+L020100+L020200+MRR+A050500.U2.EUR?startPeriod=2024-09-27&format=csvdata
2026-06-14,2204224.0,2204224.0,,,,173561.0,,,not_cross_checked,ECB reported,https://data-api.ecb.europa.eu/service/data/ILM/D.U2.C.EXLIQ+L020100+L020200+MRR+A050500.U2.EUR?startPeriod=2024-09-27&format=csvdata
2026-06-15,2213433.0,2213433.0,2213433.0,200951.0,2186121.0,173561.0,78.0,0.0,ok,ECB reported,https://www.ecb.europa.eu/stats/pdf/monetary/lm/liq_daily_2026.zip
2026-06-16,2199227.0,2199227.0,2199228.0,179306.0,2197755.0,173561.0,4272.0,-1.0,ok,ECB reported,https://www.ecb.europa.eu/stats/pdf/monetary/lm/liq_daily_2026.zip
2026-06-17,2204333.0,2204333.0,2204334.0,363675.0,2014576.0,173861.0,56.0,-1.0,ok,ECB reported,https://www.ecb.europa.eu/stats/pdf/monetary/lm/liq_daily_2026.zip
2026-06-18,2198291.0,2198291.0,2198291.0,325948.0,2046272.0,173861.0,68.0,0.0,ok,ECB reported,https://www.ecb.europa.eu/stats/pdf/monetary/lm/liq_daily_2026.zip
2026-06-19,2194823.0,2194823.0,2194824.0,314853.0,2053859.0,173861.0,27.0,-1.0,ok,ECB reported,https://www.ecb.europa.eu/stats/pdf/monetary/lm/liq_daily_2026.zip
2026-06-20,2194823.0,2194823.0,,,,173861.0,,,not_cross_checked,ECB reported,https://data-api.ecb.europa.eu/service/data/ILM/D.U2.C.EXLIQ+L020100+L020200+MRR+A050500.U2.EUR?startPeriod=2024-09-27&format=csvdata
2026-06-21,2194823.0,2194823.0,,,,173861.0,,,not_cross_checked,ECB reported,https://data-api.ecb.europa.eu/service/data/ILM/D.U2.C.EXLIQ+L020100+L020200+MRR+A050500.U2.EUR?startPeriod=2024-09-27&format=csvdata
2026-06-22,2186952.0,2186952.0,2186953.0,305954.0,2055076.0,173861.0,216.0,-1.0,ok,ECB reported,https://www.ecb.europa.eu/stats/pdf/monetary/lm/liq_daily_2026.zip
2026-06-23,2189714.0,2189714.0,2189714.0,354879.0,2009036.0,173861.0,340.0,0.0,ok,ECB reported,https://www.ecb.europa.eu/stats/pdf/monetary/lm/liq_daily_2026.zip
2026-06-24,2192926.0,2192926.0,2192927.0,322029.0,2045673.0,173861.0,914.0,-1.0,ok,ECB reported,https://www.ecb.europa.eu/stats/pdf/monetary/lm/liq_daily_2026.zip
2026-06-25,2187087.0,2187087.0,2187087.0,315300.0,2046549.0,173861.0,901.0,0.0,ok,ECB reported,https://www.ecb.europa.eu/stats/pdf/monetary/lm/liq_daily_2026.zip
2026-06-26,2176139.0,2176139.0,2176139.0,311879.0,2039087.0,173861.0,966.0,0.0,ok,ECB reported,https://www.ecb.europa.eu/stats/pdf/monetary/lm/liq_daily_2026.zip
2026-06-27,2176139.0,2176139.0,,,,173861.0,,,not_cross_checked,ECB reported,https://data-api.ecb.europa.eu/service/data/ILM/D.U2.C.EXLIQ+L020100+L020200+MRR+A050500.U2.EUR?startPeriod=2024-09-27&format=csvdata
2026-06-28,2176139.0,2176139.0,,,,173861.0,,,not_cross_checked,ECB reported,https://data-api.ecb.europa.eu/service/data/ILM/D.U2.C.EXLIQ+L020100+L020200+MRR+A050500.U2.EUR?startPeriod=2024-09-27&format=csvdata
2026-06-29,2163564.0,2163564.0,2163565.0,313724.0,2024623.0,173861.0,921.0,-1.0,ok,ECB reported,https://www.ecb.europa.eu/stats/pdf/monetary/lm/liq_daily_2026.zip
2026-06-30,2179306.0,2179306.0,2179306.0,332550.0,2021468.0,173861.0,851.0,0.0,ok,ECB reported,https://www.ecb.europa.eu/stats/pdf/monetary/lm/liq_daily_2026.zip
2026-07-01,2179778.0,2179778.0,2179778.0,328145.0,2025869.0,173861.0,375.0,0.0,ok,ECB reported,https://www.ecb.europa.eu/stats/pdf/monetary/lm/liq_daily_2026.zip
2026-07-02,2198583.0,2198583.0,2198584.0,327651.0,2044794.0,173861.0,0.0,-1.0,ok,ECB reported,https://www.ecb.europa.eu/stats/pdf/monetary/lm/liq_daily_2026.zip
2026-07-03,2194916.0,2194916.0,2194917.0,327524.0,2041256.0,173861.0,2.0,-1.0,ok,ECB reported,https://www.ecb.europa.eu/stats/pdf/monetary/lm/liq_daily_2026.zip
2026-07-04,2194916.0,2194916.0,,,,173861.0,,,not_cross_checked,ECB reported,https://data-api.ecb.europa.eu/service/data/ILM/D.U2.C.EXLIQ+L020100+L020200+MRR+A050500.U2.EUR?startPeriod=2024-09-27&format=csvdata
2026-07-05,2194916.0,2194916.0,,,,173861.0,,,not_cross_checked,ECB reported,https://data-api.ecb.europa.eu/service/data/ILM/D.U2.C.EXLIQ+L020100+L020200+MRR+A050500.U2.EUR?startPeriod=2024-09-27&format=csvdata
2026-07-06,2198583.0,2198583.0,2198583.0,331204.0,2041247.0,173861.0,7.0,0.0,ok,ECB reported,https://www.ecb.europa.eu/stats/pdf/monetary/lm/liq_daily_2026.zip
2026-07-07,2196799.0,2196799.0,2196800.0,329383.0,2041287.0,173861.0,9.0,-1.0,ok,ECB reported,https://www.ecb.europa.eu/stats/pdf/monetary/lm/liq_daily_2026.zip
2026-07-08,2175991.0,2175991.0,2175991.0,333215.0,2016637.0,173861.0,0.0,0.0,ok,ECB reported,https://www.ecb.europa.eu/stats/pdf/monetary/lm/liq_daily_2026.zip
2026-07-09,2191382.0,2191382.0,2191382.0,329303.0,2036092.0,173861.0,152.0,0.0,ok,ECB reported,https://www.ecb.europa.eu/stats/pdf/monetary/lm/liq_daily_2026.zip
2026-07-10,2193345.0,2193345.0,2193346.0,329798.0,2037559.0,173861.0,150.0,-1.0,ok,ECB reported,https://www.ecb.europa.eu/stats/pdf/monetary/lm/liq_daily_2026.zip
2026-07-11,2193345.0,2193345.0,,,,173861.0,,,not_cross_checked,ECB reported,https://data-api.ecb.europa.eu/service/data/ILM/D.U2.C.EXLIQ+L020100+L020200+MRR+A050500.U2.EUR?startPeriod=2024-09-27&format=csvdata
2026-07-12,2193345.0,2193345.0,,,,173861.0,,,not_cross_checked,ECB reported,https://data-api.ecb.europa.eu/service/data/ILM/D.U2.C.EXLIQ+L020100+L020200+MRR+A050500.U2.EUR?startPeriod=2024-09-27&format=csvdata
2026-07-13,2183413.0,2183413.0,2183414.0,329043.0,2028268.0,173861.0,36.0,-1.0,ok,ECB reported,https://www.ecb.europa.eu/stats/pdf/monetary/lm/liq_daily_2026.zip
2026-07-14,2167409.0,2167409.0,2167410.0,335202.0,2006377.0,173861.0,308.0,-1.0,ok,ECB reported,https://www.ecb.europa.eu/stats/pdf/monetary/lm/liq_daily_2026.zip
2026-07-15,2136356.0,2136356.0,2136356.0,326579.0,1983748.0,173861.0,110.0,0.0,ok,ECB reported,https://www.ecb.europa.eu/stats/pdf/monetary/lm/liq_daily_2026.zip
2026-07-16,2160884.0,2160884.0,2160884.0,332377.0,2002476.0,173861.0,108.0,0.0,ok,ECB reported,https://www.ecb.europa.eu/stats/pdf/monetary/lm/liq_daily_2026.zip
2026-07-17,2166329.0,2166329.0,2166330.0,325302.0,2014949.0,173861.0,60.0,-1.0,ok,ECB reported,https://www.ecb.europa.eu/stats/pdf/monetary/lm/liq_daily_2026.zip
2026-07-18,2166329.0,2166329.0,,,,173861.0,,,not_cross_checked,ECB reported,https://data-api.ecb.europa.eu/service/data/ILM/D.U2.C.EXLIQ+L020100+L020200+MRR+A050500.U2.EUR?startPeriod=2024-09-27&format=csvdata
2026-07-19,2166329.0,2166329.0,,,,173861.0,,,not_cross_checked,ECB reported,https://data-api.ecb.europa.eu/service/data/ILM/D.U2.C.EXLIQ+L020100+L020200+MRR+A050500.U2.EUR?startPeriod=2024-09-27&format=csvdata
2026-07-20,2159847.0,2159847.0,2159848.0,316949.0,2016835.0,173861.0,75.0,-1.0,ok,ECB reported,https://www.ecb.europa.eu/stats/pdf/monetary/lm/liq_daily_2026.zip
2026-07-21,2148158.0,2148158.0,2148158.0,318287.0,2003806.0,173861.0,74.0,0.0,ok,ECB reported,https://www.ecb.europa.eu/stats/pdf/monetary/lm/liq_daily_2026.zip
2026-07-22,2130284.0,2130284.0,2130285.0,324669.0,1979541.0,173861.0,64.0,-1.0,ok,ECB reported,https://www.ecb.europa.eu/stats/pdf/monetary/lm/liq_daily_2026.zip
2026-07-23,2157434.0,2157434.0,2157435.0,322164.0,2009216.0,173861.0,84.0,-1.0,ok,ECB reported,https://www.ecb.europa.eu/stats/pdf/monetary/lm/liq_daily_2026.zip
2026-07-24,2150473.0,2150473.0,2150474.0,329101.0,1995433.0,173861.0,199.0,-1.0,ok,ECB reported,https://www.ecb.europa.eu/stats/pdf/monetary/lm/liq_daily_2026.zip
2026-07-25,2150473.0,2150473.0,,,,173861.0,,,not_cross_checked,ECB reported,https://data-api.ecb.europa.eu/service/data/ILM/D.U2.C.EXLIQ+L020100+L020200+MRR+A050500.U2.EUR?startPeriod=2024-09-27&format=csvdata
2026-07-26,2150473.0,2150473.0,,,,173861.0,,,not_cross_checked,ECB reported,https://data-api.ecb.europa.eu/service/data/ILM/D.U2.C.EXLIQ+L020100+L020200+MRR+A050500.U2.EUR?startPeriod=2024-09-27&format=csvdata
2026-07-27,2151449.0,2151449.0,2151449.0,351686.0,1973738.0,173861.0,114.0,0.0,ok,ECB reported,https://www.ecb.europa.eu/stats/pdf/monetary/lm/liq_daily_2026.zip
2026-07-28,2149437.0,2149437.0,2149437.0,406131.0,1917307.0,173861.0,140.0,0.0,ok,ECB reported,https://www.ecb.europa.eu/stats/pdf/monetary/lm/liq_daily_2026.zip
2026-07-29,2140599.0,2140599.0,2140598.0,409441.0,1906285.0,174661.0,467.0,1.0,ok,ECB reported,https://www.ecb.europa.eu/stats/pdf/monetary/lm/liq_daily_2026.zip
2026-07-30,2152162.0,2152162.0,2152161.0,376978.0,1950227.0,174661.0,383.0,1.0,ok,ECB reported,https://www.ecb.europa.eu/stats/pdf/monetary/lm/liq_daily_2026.zip
2026-07-31,2148246.0,2148246.0,2148246.0,356151.0,1966816.0,174661.0,60.0,0.0,ok,ECB reported,https://www.ecb.europa.eu/stats/pdf/monetary/lm/liq_daily_2026.zip
2026-08-01,2148246.0,2148246.0,,,,174661.0,,,not_cross_checked,ECB reported,https://data-api.ecb.europa.eu/service/data/ILM/D.U2.C.EXLIQ+L020100+L020200+MRR+A050500.U2.EUR?startPeriod=2024-09-27&format=csvdata
2026-08-02,2148246.0,2148246.0,,,,174661.0,,,not_cross_checked,ECB reported,https://data-api.ecb.europa.eu/service/data/ILM/D.U2.C.EXLIQ+L020100+L020200+MRR+A050500.U2.EUR?startPeriod=2024-09-27&format=csvdata
2026-08-03,2148060.0,2148060.0,2148059.0,363147.0,1959573.0,174661.0,0.0,1.0,ok,ECB reported,https://www.ecb.europa.eu/stats/pdf/monetary/lm/liq_daily_2026.zip
2026-08-04,2146321.0,2146321.0,2146321.0,358840.0,1962143.0,174661.0,1.0,0.0,ok,ECB reported,https://www.ecb.europa.eu/stats/pdf/monetary/lm/liq_daily_2026.zip
2026-08-05,2116786.0,2116786.0,2116786.0,362467.0,1928981.0,174661.0,1.0,0.0,ok,ECB reported,https://www.ecb.europa.eu/stats/pdf/monetary/lm/liq_daily_2026.zip
2026-08-06,2147400.0,2147400.0,2147400.0,363727.0,1958335.0,174661.0,1.0,0.0,ok,ECB reported,https://www.ecb.europa.eu/stats/pdf/monetary/lm/liq_daily_2026.zip
2026-08-07,2152606.0,2152606.0,2152606.0,346005.0,1981262.0,174661.0,0.0,0.0,ok,ECB reported,https://www.ecb.europa.eu/stats/pdf/monetary/lm/liq_daily_2026.zip
2026-08-08,2152606.0,2152606.0,,,,174661.0,,,not_cross_checked,ECB reported,https://data-api.ecb.europa.eu/service/data/ILM/D.U2.C.EXLIQ+L020100+L020200+MRR+A050500.U2.EUR?startPeriod=2024-09-27&format=csvdata
2026-08-09,2152606.0,2152606.0,,,,174661.0,,,not_cross_checked,ECB reported,https://data-api.ecb.europa.eu/service/data/ILM/D.U2.C.EXLIQ+L020100+L020200+MRR+A050500.U2.EUR?startPeriod=2024-09-27&format=csvdata
2026-08-10,2152440.0,2152440.0,2152440.0,327424.0,1999677.0,174661.0,0.0,0.0,ok,ECB reported,https://www.ecb.europa.eu/stats/pdf/monetary/lm/liq_daily_2026.zip
2026-08-11,2153266.0,2153266.0,2153266.0,325345.0,2002584.0,174661.0,2.0,0.0,ok,ECB reported,https://www.ecb.europa.eu/stats/pdf/monetary/lm/liq_daily_2026.zip
2026-08-12,2121536.0,2121536.0,2121536.0,330022.0,1966183.0,174661.0,8.0,0.0,ok,ECB reported,https://www.ecb.europa.eu/stats/pdf/monetary/lm/liq_daily_2026.zip
2026-08-13,2159592.0,2159592.0,2159591.0,324210.0,2010074.0,174661.0,32.0,1.0,ok,ECB reported,https://www.ecb.europa.eu/stats/pdf/monetary/lm/liq_daily_2026.zip
2026-08-14,2160473.0,2160473.0,2160473.0,330803.0,2004376.0,174661.0,45.0,0.0,ok,ECB reported,https://www.ecb.europa.eu/stats/pdf/monetary/lm/liq_daily_2026.zip
2026-08-15,2160473.0,2160473.0,,,,174661.0,,,not_cross_checked,ECB reported,https://data-api.ecb.europa.eu/service/data/ILM/D.U2.C.EXLIQ+L020100+L020200+MRR+A050500.U2.EUR?startPeriod=2024-09-27&format=csvdata
2026-08-16,2160473.0,2160473.0,,,,174661.0,,,not_cross_checked,ECB reported,https://data-api.ecb.europa.eu/service/data/ILM/D.U2.C.EXLIQ+L020100+L020200+MRR+A050500.U2.EUR?startPeriod=2024-09-27&format=csvdata
2026-08-17,2144994.0,2144994.0,2144994.0,321523.0,1998261.0,174661.0,129.0,0.0,ok,ECB reported,https://www.ecb.europa.eu/stats/pdf/monetary/lm/liq_daily_2026.zip
2026-08-18,2154325.0,2154325.0,2154325.0,325302.0,2003801.0,174661.0,117.0,0.0,ok,ECB reported,https://www.ecb.europa.eu/stats/pdf/monetary/lm/liq_daily_2026.zip
2026-08-19,2119680.0,2119680.0,2119680.0,328300.0,1966079.0,174661.0,38.0,0.0,ok,ECB reported,https://www.ecb.europa.eu/stats/pdf/monetary/lm/liq_daily_2026.zip
2026-08-20,2153991.0,2153991.0,2153991.0,330641.0,1998056.0,174661.0,45.0,0.0,ok,ECB reported,https://www.ecb.europa.eu/stats/pdf/monetary/lm/liq_daily_2026.zip
2026-08-21,2148762.0,2148762.0,2148762.0,320496.0,2003004.0,174661.0,77.0,0.0,ok,ECB reported,https://www.ecb.europa.eu/stats/pdf/monetary/lm/liq_daily_2026.zip
2026-08-22,2148762.0,2148762.0,,,,174661.0,,,not_cross_checked,ECB reported,https://data-api.ecb.europa.eu/service/data/ILM/D.U2.C.EXLIQ+L020100+L020200+MRR+A050500.U2.EUR?startPeriod=2024-09-27&format=csvdata
2026-08-23,2148762.0,2148762.0,,,,174661.0,,,not_cross_checked,ECB reported,https://data-api.ecb.europa.eu/service/data/ILM/D.U2.C.EXLIQ+L020100+L020200+MRR+A050500.U2.EUR?startPeriod=2024-09-27&format=csvdata
2026-08-24,2139737.0,2139737.0,2139737.0,316135.0,1998332.0,174661.0,69.0,0.0,ok,ECB reported,https://www.ecb.europa.eu/stats/pdf/monetary/lm/liq_daily_2026.zip
2026-08-25,2138817.0,2138817.0,2138817.0,321307.0,1992265.0,174661.0,94.0,0.0,ok,ECB reported,https://www.ecb.europa.eu/stats/pdf/monetary/lm/liq_daily_2026.zip
2026-08-26,2117598.0,2117598.0,2117597.0,321681.0,1970695.0,174661.0,118.0,1.0,ok,ECB reported,https://www.ecb.europa.eu/stats/pdf/monetary/lm/liq_daily_2026.zip
2026-08-27,2146448.0,2146448.0,2146448.0,310854.0,2010547.0,174661.0,292.0,0.0,ok,ECB reported,https://www.ecb.europa.eu/stats/pdf/monetary/lm/liq_daily_2026.zip
2026-08-28,2148955.0,2148955.0,2148955.0,317864.0,2005870.0,174661.0,118.0,0.0,ok,ECB reported,https://www.ecb.europa.eu/stats/pdf/monetary/lm/liq_daily_2026.zip
2026-08-29,2148955.0,2148955.0,,,,174661.0,,,not_cross_checked,ECB reported,https://data-api.ecb.europa.eu/service/data/ILM/D.U2.C.EXLIQ+L020100+L020200+MRR+A050500.U2.EUR?startPeriod=2024-09-27&format=csvdata
2026-08-30,2148955.0,2148955.0,,,,174661.0,,,not_cross_checked,ECB reported,https://data-api.ecb.europa.eu/service/data/ILM/D.U2.C.EXLIQ+L020100+L020200+MRR+A050500.U2.EUR?startPeriod=2024-09-27&format=csvdata
2026-08-31,2142165.0,2142165.0,2142164.0,316573.0,2000382.0,174661.0,130.0,1.0,ok,ECB reported,https://www.ecb.europa.eu/stats/pdf/monetary/lm/liq_daily_2026.zip
2026-09-01,2132811.0,2132811.0,2132811.0,319714.0,1987758.0,174661.0,0.0,0.0,ok,ECB reported,https://www.ecb.europa.eu/stats/pdf/monetary/lm/liq_daily_2026.zip
2026-09-02,2105222.0,2105222.0,2105221.0,321798.0,1958084.0,174661.0,0.0,1.0,ok,ECB reported,https://www.ecb.europa.eu/stats/pdf/monetary/lm/liq_daily_2026.zip
2026-09-03,2135157.0,2135157.0,2135156.0,319923.0,1989894.0,174661.0,0.0,1.0,ok,ECB reported,https://www.ecb.europa.eu/stats/pdf/monetary/lm/liq_daily_2026.zip
2026-09-04,2158707.0,2158707.0,2158707.0,328179.0,2005194.0,174661.0,5.0,0.0,ok,ECB reported,https://www.ecb.europa.eu/stats/pdf/monetary/lm/liq_daily_2026.zip
2026-09-05,2158707.0,2158707.0,,,,174661.0,,,not_cross_checked,ECB reported,https://data-api.ecb.europa.eu/service/data/ILM/D.U2.C.EXLIQ+L020100+L020200+MRR+A050500.U2.EUR?startPeriod=2024-09-27&format=csvdata
2026-09-06,2158707.0,2158707.0,,,,174661.0,,,not_cross_checked,ECB reported,https://data-api.ecb.europa.eu/service/data/ILM/D.U2.C.EXLIQ+L020100+L020200+MRR+A050500.U2.EUR?startPeriod=2024-09-27&format=csvdata
2026-09-07,2159791.0,2159791.0,2159790.0,328470.0,2005988.0,174661.0,7.0,1.0,ok,ECB reported,https://www.ecb.europa.eu/stats/pdf/monetary/lm/liq_daily_2026.zip
2026-09-08,2149575.0,2149575.0,2149575.0,337824.0,1986415.0,174661.0,3.0,0.0,ok,ECB reported,https://www.ecb.europa.eu/stats/pdf/monetary/lm/liq_daily_2026.zip
2026-09-09,2116818.0,2116818.0,2116817.0,320353.0,1971162.0,174661.0,37.0,1.0,ok,ECB reported,https://www.ecb.europa.eu/stats/pdf/monetary/lm/liq_daily_2026.zip
2026-09-10,2137073.0,2137073.0,2137071.0,324197.0,1987592.0,174661.0,57.0,2.0,ok,ECB reported,https://www.ecb.europa.eu/stats/pdf/monetary/lm/liq_daily_2026.zip
2026-09-11,2137049.0,2137049.0,2137049.0,349024.0,1962749.0,174661.0,63.0,0.0,ok,ECB reported,https://www.ecb.europa.eu/stats/pdf/monetary/lm/liq_daily_2026.zip
2026-09-12,2137049.0,2137049.0,,,,174661.0,,,not_cross_checked,ECB reported,https://data-api.ecb.europa.eu/service/data/ILM/D.U2.C.EXLIQ+L020100+L020200+MRR+A050500.U2.EUR?startPeriod=2024-09-27&format=csvdata
2026-09-13,2137049.0,2137049.0,,,,174661.0,,,not_cross_checked,ECB reported,https://data-api.ecb.europa.eu/service/data/ILM/D.U2.C.EXLIQ+L020100+L020200+MRR+A050500.U2.EUR?startPeriod=2024-09-27&format=csvdata
2026-09-14,2134027.0,2134027.0,2134027.0,343544.0,1965213.0,174661.0,69.0,0.0,ok,ECB reported,https://www.ecb.europa.eu/stats/pdf/monetary/lm/liq_daily_2026.zip
2026-09-15,2133116.0,2133116.0,2133115.0,466309.0,1841550.0,174661.0,83.0,1.0,ok,ECB reported,https://www.ecb.europa.eu/stats/pdf/monetary/lm/liq_daily_2026.zip
2026-09-16,2139867.0,2139867.0,2139867.0,387769.0,1928290.0,176125.0,67.0,0.0,ok,ECB reported,https://www.ecb.europa.eu/stats/pdf/monetary/lm/liq_daily_2026.zip
2026-09-17,2131380.0,2131380.0,2131381.0,357771.0,1949805.0,176125.0,70.0,-1.0,ok,ECB reported,https://www.ecb.europa.eu/stats/pdf/monetary/lm/liq_daily_2026.zip
