PC,Explained Variance
PC1,0.31119528956635584
PC2,0.2278322217738134
PC3,0.20198428367177554
